offset,result,steps,price
0.0,SUCCESS,1,999.9
0.01,SUCCESS,1,999.81
0.05,SUCCESS,2,999.75
0.1,SUCCESS,1,999.79
0.12,SUCCESS,1,999.79
0.25,SUCCESS,0,999.79
0.0,SUCCESS,0,999.6
0.01,SUCCESS,1,999.51
0.05,SUCCESS,3,999.55
0.1,SUCCESS,0,999.49
0.12,SUCCESS,1,999.49
0.25,SUCCESS,5,999.49
0.0,SUCCESS,3,999.4
0.01,SUCCESS,2,999.41
0.05,SUCCESS,1,999.45
0.1,SUCCESS,1,999.49
0.12,SUCCESS,1,999.49
0.25,SUCCESS,2,999.49
0.0,SUCCESS,5,999.4
0.01,SUCCESS,0,999.41
0.05,SUCCESS,1,999.45
0.1,SUCCESS,0,999.49
0.12,SUCCESS,0,999.49
0.25,SUCCESS,0,999.49
0.0,SUCCESS,7,999.4
0.01,SUCCESS,3,999.41
0.05,SUCCESS,1,999.45
0.1,SUCCESS,1,999.49
0.12,SUCCESS,0,999.49
0.25,SUCCESS,3,999.49
0.0,SUCCESS,9,999.4
0.01,SUCCESS,2,999.41
0.05,SUCCESS,0,999.45
0.1,SUCCESS,0,999.49
0.12,SUCCESS,0,999.49
0.25,SUCCESS,0,999.49
0.0,SUCCESS,15,999.4
0.01,SUCCESS,0,999.41
0.05,SUCCESS,1,999.45
0.1,SUCCESS,2,999.49
0.12,SUCCESS,0,999.49
0.25,SUCCESS,0,999.49
0.0,SUCCESS,16,999.4
0.01,SUCCESS,0,999.41
0.05,SUCCESS,0,999.45
0.1,SUCCESS,2,999.49
0.12,SUCCESS,2,999.49
0.25,SUCCESS,0,999.49
0.0,SUCCESS,13,999.4
0.01,SUCCESS,0,999.41
0.05,SUCCESS,4,999.45
0.1,SUCCESS,0,999.49
0.12,SUCCESS,1,999.49
0.25,SUCCESS,0,999.49
0.0,SUCCESS,12,999.4
0.01,SUCCESS,3,999.41
0.05,TIMEOUT,51,
0.1,SUCCESS,1,999.59
0.12,SUCCESS,1,999.59
0.25,SUCCESS,1,999.59
0.0,SUCCESS,23,999.5
0.01,SUCCESS,1,999.51
0.05,SUCCESS,0,999.55
0.1,SUCCESS,1,999.59
0.12,SUCCESS,2,999.59
0.25,SUCCESS,1,999.59
0.0,SUCCESS,13,999.5
0.01,SUCCESS,1,999.51
0.05,SUCCESS,2,999.55
0.1,SUCCESS,0,999.59
0.12,SUCCESS,5,999.59
0.25,TIMEOUT,51,
0.0,SUCCESS,25,999.9
0.01,SUCCESS,0,999.91
0.05,SUCCESS,0,999.95
0.1,SUCCESS,1,999.99
0.12,SUCCESS,1,999.99
0.25,SUCCESS,3,999.99
0.0,SUCCESS,20,999.9
0.01,SUCCESS,1,999.91
0.05,SUCCESS,2,999.95
0.1,SUCCESS,0,999.99
0.12,SUCCESS,1,999.99
0.25,SUCCESS,1,999.99
0.0,SUCCESS,19,999.9
0.01,SUCCESS,0,999.91
0.05,SUCCESS,1,999.95
0.1,SUCCESS,1,999.99
0.12,SUCCESS,0,999.99
0.25,SUCCESS,1,999.99
0.0,SUCCESS,27,999.9
0.01,SUCCESS,0,999.91
0.05,SUCCESS,0,999.95
0.1,SUCCESS,2,999.99
0.12,SUCCESS,5,999.99
0.25,SUCCESS,3,999.99
0.0,SUCCESS,27,999.9
0.01,SUCCESS,1,999.91
0.05,SUCCESS,3,999.95
0.1,SUCCESS,0,999.99
0.12,SUCCESS,0,999.99
0.25,SUCCESS,1,999.99
0.0,SUCCESS,18,999.9
0.01,SUCCESS,0,999.91
0.05,SUCCESS,0,999.95
0.1,SUCCESS,3,999.99
0.12,SUCCESS,0,999.99
0.25,TIMEOUT,51,
0.0,SUCCESS,32,1000.3
0.01,SUCCESS,1,1000.31
0.05,SUCCESS,0,1000.35
0.1,SUCCESS,0,1000.39
0.12,SUCCESS,3,1000.39
0.25,SUCCESS,0,1000.39
0.0,SUCCESS,22,1000.3
0.01,SUCCESS,0,1000.31
0.05,SUCCESS,0,1000.35
0.1,SUCCESS,1,1000.39
0.12,SUCCESS,0,1000.39
0.25,SUCCESS,1,1000.39
0.0,SUCCESS,13,1000.3
0.01,SUCCESS,1,1000.31
0.05,SUCCESS,1,1000.35
0.1,SUCCESS,1,1000.39
0.12,SUCCESS,2,1000.39
0.25,SUCCESS,0,1000.39
0.0,SUCCESS,13,1000.3
0.01,SUCCESS,1,1000.31
0.05,SUCCESS,1,1000.35
0.1,SUCCESS,2,1000.39
0.12,SUCCESS,4,1000.39
0.25,SUCCESS,2,1000.39
0.0,SUCCESS,4,1000.3
0.01,SUCCESS,0,1000.31
0.05,SUCCESS,0,1000.35
0.1,SUCCESS,1,1000.39
0.12,SUCCESS,2,1000.39
0.25,SUCCESS,0,1000.39
0.0,SUCCESS,14,1000.3
0.01,SUCCESS,0,1000.31
0.05,SUCCESS,1,1000.35
0.1,TIMEOUT,51,
0.12,SUCCESS,0,1001.19
0.25,SUCCESS,3,1001.19
0.0,SUCCESS,18,1001.1
0.01,SUCCESS,3,1001.11
0.05,SUCCESS,1,1001.15
0.1,SUCCESS,0,1001.19
0.12,SUCCESS,0,1001.19
0.25,SUCCESS,4,1001.19
0.0,SUCCESS,20,1001.1
0.01,SUCCESS,3,1001.11
0.05,SUCCESS,1,1001.15
0.1,SUCCESS,2,1001.19
0.12,SUCCESS,1,1001.19
0.25,SUCCESS,4,1001.19
0.0,SUCCESS,11,1001.1
0.01,SUCCESS,2,1001.11
0.05,SUCCESS,1,1001.15
0.1,SUCCESS,1,1001.19
0.12,SUCCESS,1,1001.19
0.25,SUCCESS,0,1001.19
0.0,SUCCESS,16,1001.1
0.01,SUCCESS,1,1001.11
0.05,SUCCESS,1,1001.15
0.1,SUCCESS,1,1001.19
0.12,SUCCESS,1,1001.19
0.25,SUCCESS,1,1001.19
0.0,SUCCESS,26,1001.1
0.01,SUCCESS,5,1001.11
0.05,SUCCESS,5,1001.15
0.1,SUCCESS,0,1001.19
0.12,SUCCESS,2,1001.19
0.25,SUCCESS,0,1001.19
0.0,SUCCESS,10,1001.1
0.01,SUCCESS,2,1001.11
0.05,SUCCESS,1,1001.15
0.1,SUCCESS,1,1001.19
0.12,SUCCESS,2,1001.19
0.25,SUCCESS,0,1001.19
0.0,SUCCESS,5,1001.1
0.01,SUCCESS,1,1001.11
0.05,SUCCESS,0,1001.15
0.1,SUCCESS,0,1001.19
0.12,SUCCESS,0,1001.19
0.25,SUCCESS,3,1001.19
0.0,SUCCESS,5,1001.1
0.01,SUCCESS,1,1001.11
0.05,SUCCESS,2,1001.15
0.1,SUCCESS,1,1001.19
0.12,SUCCESS,3,1001.19
0.25,SUCCESS,0,1001.19
0.0,SUCCESS,8,1001.1
0.01,SUCCESS,1,1001.11
0.05,SUCCESS,1,1001.15
0.1,SUCCESS,0,1001.19
0.12,SUCCESS,2,1001.19
0.25,SUCCESS,0,1001.19
0.0,SUCCESS,16,1001.1
0.01,SUCCESS,0,1001.11
0.05,SUCCESS,0,1001.15
0.1,SUCCESS,0,1001.19
0.12,SUCCESS,0,1001.19
0.25,SUCCESS,0,1001.19
0.0,SUCCESS,16,1001.1
0.01,SUCCESS,1,1001.11
0.05,SUCCESS,0,1001.15
0.1,SUCCESS,1,1001.19
0.12,SUCCESS,0,1001.19
0.25,SUCCESS,0,1001.19
0.0,SUCCESS,14,1001.1
0.01,SUCCESS,0,1001.11
0.05,SUCCESS,1,1001.15
0.1,SUCCESS,0,1001.19
0.12,SUCCESS,0,1001.19
0.25,SUCCESS,1,1001.19
0.0,SUCCESS,18,1001.1
0.01,SUCCESS,0,1001.11
0.05,SUCCESS,2,1001.15
0.1,SUCCESS,2,1001.19
0.12,SUCCESS,3,1001.19
0.25,SUCCESS,0,1001.19
0.0,SUCCESS,21,1001.1
0.01,SUCCESS,1,1001.11
0.05,SUCCESS,4,1001.15
0.1,SUCCESS,6,1001.19
0.12,TIMEOUT,51,
0.25,SUCCESS,2,1001.59
0.0,SUCCESS,23,1001.5
0.01,SUCCESS,2,1001.51
0.05,SUCCESS,1,1001.55
0.1,SUCCESS,1,1001.59
0.12,SUCCESS,2,1001.59
0.25,SUCCESS,1,1001.59
0.0,SUCCESS,34,1001.5
0.01,SUCCESS,0,1001.51
0.05,SUCCESS,1,1001.55
0.1,SUCCESS,0,1001.59
0.12,SUCCESS,3,1001.59
0.25,SUCCESS,2,1001.59
0.0,SUCCESS,18,1001.5
0.01,SUCCESS,0,1001.51
0.05,SUCCESS,3,1001.55
0.1,SUCCESS,1,1001.59
0.12,SUCCESS,0,1001.59
0.25,SUCCESS,0,1001.59
0.0,SUCCESS,15,1001.5
0.01,SUCCESS,0,1001.51
0.05,SUCCESS,0,1001.55
0.1,SUCCESS,2,1001.59
0.12,SUCCESS,4,1001.59
0.25,SUCCESS,1,1001.59
0.0,SUCCESS,22,1001.5
0.01,SUCCESS,0,1001.51
0.05,SUCCESS,0,1001.55
0.1,SUCCESS,1,1001.59
0.12,SUCCESS,1,1001.59
0.25,SUCCESS,2,1001.59
0.0,SUCCESS,24,1001.5
0.01,SUCCESS,0,1001.51
0.05,SUCCESS,5,1001.55
0.1,SUCCESS,1,1001.59
0.12,SUCCESS,1,1001.59
0.25,SUCCESS,0,1001.59
0.0,SUCCESS,11,1001.5
0.01,SUCCESS,3,1001.51
0.05,SUCCESS,1,1001.55
0.1,SUCCESS,0,1001.59
0.12,SUCCESS,2,1001.59
0.25,SUCCESS,1,1001.59
0.0,SUCCESS,10,1001.5
0.01,SUCCESS,2,1001.51
0.05,SUCCESS,0,1001.55
0.1,SUCCESS,0,1001.59
0.12,SUCCESS,1,1001.59
0.25,SUCCESS,1,1001.59
0.0,SUCCESS,17,1001.5
0.01,SUCCESS,0,1001.51
0.05,SUCCESS,1,1001.55
0.1,SUCCESS,9,1001.59
0.12,SUCCESS,0,1001.59
0.25,SUCCESS,4,1001.59
0.0,SUCCESS,13,1001.5
0.01,SUCCESS,3,1001.51
0.05,SUCCESS,2,1001.55
0.1,SUCCESS,0,1001.59
0.12,SUCCESS,0,1001.59
0.25,SUCCESS,2,1001.59
0.0,SUCCESS,12,1001.5
0.01,SUCCESS,2,1001.51
0.05,SUCCESS,1,1001.55
0.1,SUCCESS,0,1001.59
0.12,SUCCESS,3,1001.59
0.25,SUCCESS,1,1001.59
0.0,SUCCESS,2,1001.4
0.01,SUCCESS,1,1001.41
0.05,SUCCESS,2,1001.45
0.1,TIMEOUT,51,
0.12,SUCCESS,0,1001.69
0.25,SUCCESS,2,1001.69
0.0,SUCCESS,29,1001.6
0.01,SUCCESS,3,1001.61
0.05,SUCCESS,2,1001.65
0.1,SUCCESS,1,1001.69
0.12,SUCCESS,3,1001.69
0.25,SUCCESS,1,1001.69
0.0,SUCCESS,13,1001.6
0.01,SUCCESS,2,1001.61
0.05,SUCCESS,0,1001.65
0.1,SUCCESS,3,1001.69
0.12,SUCCESS,5,1001.69
0.25,SUCCESS,3,1001.69
0.0,SUCCESS,5,1001.6
0.01,SUCCESS,1,1001.61
0.05,SUCCESS,0,1001.65
0.1,SUCCESS,3,1001.69
0.12,SUCCESS,0,1001.69
0.25,SUCCESS,1,1001.69
0.0,SUCCESS,19,1001.6
0.01,SUCCESS,1,1001.61
0.05,SUCCESS,1,1001.65
0.1,SUCCESS,0,1001.69
0.12,SUCCESS,0,1001.69
0.25,SUCCESS,1,1001.69
0.0,SUCCESS,19,1001.6
0.01,SUCCESS,0,1001.61
0.05,SUCCESS,0,1001.65
0.1,SUCCESS,4,1001.69
0.12,SUCCESS,0,1001.69
0.25,SUCCESS,0,1001.69
0.0,SUCCESS,10,1001.6
0.01,SUCCESS,2,1001.61
0.05,SUCCESS,3,1001.65
0.1,SUCCESS,0,1001.69
0.12,SUCCESS,0,1001.69
0.25,SUCCESS,0,1001.59
0.0,SUCCESS,5,1001.6
0.01,SUCCESS,0,1001.61
0.05,SUCCESS,1,1001.65
0.1,SUCCESS,0,1001.69
0.12,SUCCESS,1,1001.69
0.25,SUCCESS,1,1001.69
0.0,SUCCESS,5,1001.6
0.01,SUCCESS,1,1001.61
0.05,SUCCESS,4,1001.65
0.1,SUCCESS,0,1001.69
0.12,SUCCESS,4,1001.69
0.25,SUCCESS,1,1001.69
0.0,SUCCESS,7,1001.6
0.01,SUCCESS,0,1001.61
0.05,SUCCESS,2,1001.65
0.1,SUCCESS,0,1001.69
0.12,SUCCESS,0,1001.69
0.25,SUCCESS,2,1001.69
0.0,SUCCESS,18,1001.6
0.01,SUCCESS,0,1001.61
0.05,SUCCESS,0,1001.65
0.1,SUCCESS,2,1001.69
0.12,SUCCESS,0,1001.69
0.25,SUCCESS,2,1001.69
0.0,SUCCESS,18,1001.6
0.01,SUCCESS,0,1001.61
0.05,SUCCESS,2,1001.65
0.1,SUCCESS,0,1001.69
0.12,SUCCESS,2,1001.69
0.25,SUCCESS,0,1001.69
0.0,SUCCESS,24,1001.6
0.01,SUCCESS,2,1001.61
0.05,SUCCESS,2,1001.65
0.1,SUCCESS,2,1001.69
0.12,SUCCESS,2,1001.69
0.25,SUCCESS,0,1001.69
0.0,SUCCESS,41,1001.6
0.01,SUCCESS,3,1001.61
0.05,SUCCESS,0,1001.65
0.1,SUCCESS,0,1001.69
0.12,SUCCESS,3,1001.69
0.25,TIMEOUT,51,
0.0,SUCCESS,19,1001.7
0.01,SUCCESS,1,1001.71
0.05,SUCCESS,0,1001.75
0.1,SUCCESS,0,1001.79
0.12,SUCCESS,0,1001.79
0.25,SUCCESS,1,1001.79
0.0,SUCCESS,15,1001.7
0.01,SUCCESS,1,1001.71
0.05,SUCCESS,0,1001.75
0.1,SUCCESS,0,1001.79
0.12,SUCCESS,1,1001.79
0.25,SUCCESS,1,1001.79
0.0,SUCCESS,19,1001.7
0.01,SUCCESS,1,1001.71
0.05,SUCCESS,0,1001.75
0.1,SUCCESS,1,1001.79
0.12,SUCCESS,0,1001.79
0.25,SUCCESS,0,1001.79
0.0,SUCCESS,15,1001.7
0.01,SUCCESS,0,1001.71
0.05,SUCCESS,2,1001.75
0.1,SUCCESS,1,1001.79
0.12,SUCCESS,4,1001.79
0.25,SUCCESS,1,1001.79
0.0,SUCCESS,18,1001.7
0.01,SUCCESS,0,1001.71
0.05,SUCCESS,1,1001.75
0.1,SUCCESS,0,1001.79
0.12,SUCCESS,0,1001.79
0.25,SUCCESS,2,1001.79
0.0,SUCCESS,20,1001.7
0.01,SUCCESS,3,1001.71
0.05,SUCCESS,1,1001.75
0.1,SUCCESS,2,1001.79
0.12,SUCCESS,5,1001.79
0.25,SUCCESS,0,1001.79
0.0,SUCCESS,23,1001.7
0.01,SUCCESS,1,1001.71
0.05,SUCCESS,0,1001.75
0.1,SUCCESS,1,1001.79
0.12,SUCCESS,2,1001.79
0.25,SUCCESS,1,1001.79
0.0,SUCCESS,22,1001.7
0.01,SUCCESS,0,1001.71
0.05,SUCCESS,3,1001.75
0.1,SUCCESS,0,1001.79
0.12,SUCCESS,3,1001.79
0.25,SUCCESS,3,1001.79
0.0,SUCCESS,12,1001.7
0.01,SUCCESS,2,1001.71
0.05,SUCCESS,1,1001.75
0.1,SUCCESS,1,1001.79
0.12,SUCCESS,1,1001.79
0.25,SUCCESS,4,1001.79
0.0,SUCCESS,22,1001.7
0.01,SUCCESS,0,1001.71
0.05,SUCCESS,1,1001.75
0.1,SUCCESS,1,1001.79
0.12,SUCCESS,0,1001.79
0.25,TIMEOUT,51,
0.0,SUCCESS,24,1001.9
0.01,SUCCESS,1,1001.91
0.05,SUCCESS,2,1001.95
0.1,SUCCESS,4,1001.99
0.12,SUCCESS,1,1001.99
0.25,SUCCESS,0,1001.99
0.0,SUCCESS,17,1001.9
0.01,SUCCESS,3,1001.91
0.05,SUCCESS,0,1001.95
0.1,SUCCESS,0,1001.99
0.12,SUCCESS,3,1001.99
0.25,SUCCESS,0,1001.99
0.0,SUCCESS,14,1001.9
0.01,SUCCESS,4,1001.91
0.05,SUCCESS,0,1001.95
0.1,SUCCESS,2,1001.99
0.12,SUCCESS,2,1001.99
0.25,SUCCESS,1,1001.99
0.0,SUCCESS,12,1001.9
0.01,SUCCESS,1,1001.91
0.05,SUCCESS,0,1001.95
0.1,SUCCESS,1,1001.99
0.12,SUCCESS,0,1001.99
0.25,SUCCESS,1,1001.99
0.0,SUCCESS,10,1001.9
0.01,SUCCESS,0,1001.91
0.05,SUCCESS,2,1001.95
0.1,SUCCESS,0,1001.99
0.12,SUCCESS,0,1001.99
0.25,SUCCESS,1,1001.99
0.0,SUCCESS,12,1001.9
0.01,SUCCESS,5,1001.91
0.05,SUCCESS,0,1001.95
0.1,SUCCESS,1,1001.99
0.12,SUCCESS,2,1001.99
0.25,SUCCESS,1,1001.99
0.0,SUCCESS,13,1001.9
0.01,SUCCESS,1,1001.91
0.05,SUCCESS,0,1001.95
0.1,SUCCESS,0,1001.99
0.12,SUCCESS,3,1001.99
0.25,SUCCESS,0,1001.99
0.0,SUCCESS,25,1001.9
0.01,SUCCESS,0,1001.91
0.05,SUCCESS,0,1001.95
0.1,SUCCESS,2,1001.99
0.12,SUCCESS,5,1001.99
0.25,SUCCESS,2,1001.99
0.0,SUCCESS,10,1001.9
0.01,SUCCESS,0,1001.91
0.05,SUCCESS,1,1001.95
0.1,SUCCESS,0,1001.99
0.12,SUCCESS,0,1001.99
0.25,SUCCESS,0,1001.99
0.0,SUCCESS,11,1001.9
0.01,SUCCESS,2,1001.91
0.05,SUCCESS,3,1001.95
0.1,SUCCESS,2,1001.99
0.12,SUCCESS,4,1001.99
0.25,SUCCESS,0,1001.99
0.0,SUCCESS,17,1001.9
0.01,SUCCESS,2,1001.91
0.05,SUCCESS,1,1001.95
0.1,SUCCESS,0,1001.99
0.12,SUCCESS,0,1001.99
0.25,SUCCESS,1,1001.99
0.0,SUCCESS,15,1001.9
0.01,SUCCESS,2,1001.91
0.05,SUCCESS,3,1001.95
0.1,SUCCESS,2,1001.99
0.12,SUCCESS,0,1001.99
0.25,SUCCESS,0,1001.99
0.0,SUCCESS,15,1001.9
0.01,SUCCESS,6,1001.91
0.05,SUCCESS,0,1001.95
0.1,SUCCESS,0,1001.99
0.12,SUCCESS,0,1001.99
0.25,SUCCESS,0,1001.99
0.0,SUCCESS,11,1001.9
0.01,SUCCESS,2,1001.91
0.05,SUCCESS,1,1001.95
0.1,SUCCESS,0,1001.99
0.12,SUCCESS,1,1001.99
0.25,SUCCESS,1,1001.99
0.0,SUCCESS,14,1001.9
0.01,SUCCESS,0,1001.91
0.05,SUCCESS,0,1001.95
0.1,SUCCESS,0,1001.99
0.12,SUCCESS,0,1001.99
0.25,SUCCESS,1,1001.99
0.0,SUCCESS,12,1001.9
0.01,SUCCESS,2,1001.91
0.05,SUCCESS,4,1001.95
0.1,SUCCESS,2,1001.99
0.12,SUCCESS,0,1001.99
0.25,SUCCESS,0,1001.99
0.0,SUCCESS,22,1001.9
0.01,SUCCESS,0,1001.91
0.05,SUCCESS,3,1001.95
0.1,SUCCESS,0,1001.99
0.12,SUCCESS,4,1001.99
0.25,SUCCESS,3,1001.99
0.0,SUCCESS,12,1001.9
0.01,SUCCESS,2,1001.91
0.05,SUCCESS,0,1001.95
0.1,SUCCESS,1,1001.99
0.12,SUCCESS,1,1001.99
0.25,SUCCESS,1,1001.99
0.0,SUCCESS,16,1001.9
0.01,SUCCESS,0,1001.91
0.05,SUCCESS,9,1001.95
0.1,SUCCESS,0,1001.99
0.12,TIMEOUT,51,
0.25,SUCCESS,1,1002.09
0.0,SUCCESS,19,1002.0
0.01,SUCCESS,1,1002.01
0.05,SUCCESS,1,1002.05
0.1,SUCCESS,1,1002.09
0.12,SUCCESS,0,1002.09
0.25,SUCCESS,0,1002.09
0.0,SUCCESS,40,1002.0
0.01,SUCCESS,5,1002.01
0.05,SUCCESS,0,1002.05
0.1,SUCCESS,0,1002.09
0.12,SUCCESS,12,1002.09
0.25,SUCCESS,0,1002.09
0.0,SUCCESS,18,1002.0
0.01,SUCCESS,0,1002.01
0.05,SUCCESS,2,1002.05
0.1,TIMEOUT,51,
0.12,SUCCESS,3,1002.19
0.25,SUCCESS,11,1002.19
0.0,SUCCESS,12,1002.1
0.01,SUCCESS,1,1002.11
0.05,SUCCESS,0,1002.15
0.1,SUCCESS,1,1002.19
0.12,SUCCESS,0,1002.19
0.25,SUCCESS,0,1002.19
0.0,SUCCESS,15,1002.1
0.01,SUCCESS,4,1002.11
0.05,SUCCESS,3,1002.15
0.1,SUCCESS,4,1002.19
0.12,SUCCESS,2,1002.19
0.25,SUCCESS,1,1002.19
0.0,SUCCESS,7,1002.1
0.01,SUCCESS,1,1002.11
0.05,SUCCESS,4,1002.15
0.1,SUCCESS,0,1002.19
0.12,SUCCESS,1,1002.19
0.25,SUCCESS,0,1002.19
0.0,SUCCESS,9,1002.1
0.01,SUCCESS,3,1002.11
0.05,SUCCESS,1,1002.15
0.1,SUCCESS,2,1002.19
0.12,SUCCESS,0,1002.19
0.25,SUCCESS,2,1002.19
0.0,SUCCESS,14,1002.1
0.01,SUCCESS,1,1002.11
0.05,SUCCESS,0,1002.15
0.1,SUCCESS,2,1002.19
0.12,TIMEOUT,51,
0.25,SUCCESS,2,1002.39
0.0,SUCCESS,37,1002.3
0.01,SUCCESS,0,1002.31
0.05,SUCCESS,2,1002.35
0.1,SUCCESS,0,1002.39
0.12,SUCCESS,2,1002.39
0.25,SUCCESS,2,1002.39
0.0,SUCCESS,25,1002.3
0.01,SUCCESS,0,1002.31
0.05,SUCCESS,3,1002.35
0.1,SUCCESS,0,1002.39
0.12,SUCCESS,1,1002.39
0.25,SUCCESS,0,1002.39
0.0,SUCCESS,18,1002.3
0.01,SUCCESS,1,1002.31
0.05,SUCCESS,4,1002.35
0.1,SUCCESS,1,1002.39
0.12,SUCCESS,0,1002.39
0.25,SUCCESS,0,1002.39
0.0,SUCCESS,29,1002.3
0.01,SUCCESS,1,1002.31
0.05,SUCCESS,1,1002.35
0.1,SUCCESS,0,1002.39
0.12,SUCCESS,0,1002.39
0.25,SUCCESS,0,1002.39
0.0,SUCCESS,27,1002.3
0.01,SUCCESS,0,1002.31
0.05,SUCCESS,0,1002.35
0.1,SUCCESS,0,1002.39
0.12,SUCCESS,3,1002.39
0.25,TIMEOUT,51,
0.0,SUCCESS,31,1002.9
0.01,SUCCESS,0,1002.91
0.05,SUCCESS,2,1002.95
0.1,SUCCESS,0,1002.99
0.12,SUCCESS,0,1002.99
0.25,SUCCESS,0,1002.99
0.0,SUCCESS,21,1002.9
0.01,SUCCESS,0,1002.91
0.05,SUCCESS,0,1002.95
0.1,SUCCESS,2,1002.99
0.12,SUCCESS,0,1002.99
0.25,SUCCESS,2,1002.99
0.0,SUCCESS,14,1002.9
0.01,SUCCESS,0,1002.91
0.05,SUCCESS,0,1002.95
0.1,SUCCESS,0,1002.99
0.12,SUCCESS,0,1002.99
0.25,SUCCESS,0,1002.99
0.0,SUCCESS,11,1002.9
0.01,SUCCESS,1,1002.91
0.05,SUCCESS,3,1002.95
0.1,TIMEOUT,51,
0.12,SUCCESS,1,1003.19
0.25,SUCCESS,1,1003.19
0.0,SUCCESS,22,1003.1
0.01,SUCCESS,3,1003.11
0.05,SUCCESS,2,1003.15
0.1,SUCCESS,5,1003.19
0.12,SUCCESS,0,1003.19
0.25,SUCCESS,0,1003.19
0.0,SUCCESS,17,1003.1
0.01,SUCCESS,7,1003.11
0.05,SUCCESS,0,1003.15
0.1,SUCCESS,2,1003.19
0.12,SUCCESS,4,1003.19
0.25,SUCCESS,1,1003.19
0.0,SUCCESS,21,1003.1
0.01,SUCCESS,2,1003.11
0.05,SUCCESS,0,1003.15
0.1,SUCCESS,1,1003.19
0.12,SUCCESS,2,1003.19
0.25,SUCCESS,1,1003.19
0.0,SUCCESS,19,1003.1
0.01,SUCCESS,2,1003.11
0.05,SUCCESS,0,1003.15
0.1,SUCCESS,1,1003.19
0.12,SUCCESS,0,1003.19
0.25,SUCCESS,1,1003.19
0.0,SUCCESS,19,1003.1
0.01,SUCCESS,1,1003.11
0.05,SUCCESS,1,1003.15
0.1,SUCCESS,0,1003.19
0.12,SUCCESS,0,1003.19
0.25,SUCCESS,1,1003.19
0.0,SUCCESS,28,1003.1
0.01,SUCCESS,0,1003.11
0.05,SUCCESS,1,1003.15
0.1,SUCCESS,4,1003.19
0.12,SUCCESS,1,1003.19
0.25,SUCCESS,2,1003.19
0.0,SUCCESS,23,1003.1
0.01,SUCCESS,1,1003.11
0.05,SUCCESS,1,1003.15
0.1,SUCCESS,2,1003.19
0.12,SUCCESS,0,1003.19
0.25,SUCCESS,1,1003.19
0.0,SUCCESS,29,1003.1
0.01,SUCCESS,2,1003.11
0.05,SUCCESS,0,1003.15
0.1,SUCCESS,2,1003.19
0.12,SUCCESS,0,1003.19
0.25,SUCCESS,1,1003.19
0.0,SUCCESS,19,1003.1
0.01,SUCCESS,1,1003.11
0.05,SUCCESS,0,1003.15
0.1,SUCCESS,1,1003.19
0.12,SUCCESS,3,1003.19
0.25,SUCCESS,1,1003.19
0.0,SUCCESS,24,1003.1
0.01,SUCCESS,2,1003.11
0.05,SUCCESS,8,1003.15
0.1,SUCCESS,1,1003.19
0.12,SUCCESS,0,1003.19
0.25,TIMEOUT,51,
0.0,SUCCESS,17,1003.2
0.01,SUCCESS,3,1003.21
0.05,SUCCESS,0,1003.25
0.1,SUCCESS,2,1003.29
0.12,SUCCESS,1,1003.29
0.25,SUCCESS,1,1003.29
0.0,SUCCESS,20,1003.2
0.01,SUCCESS,2,1003.21
0.05,SUCCESS,2,1003.25
0.1,SUCCESS,2,1003.29
0.12,SUCCESS,4,1003.29
0.25,SUCCESS,1,1003.29
0.0,SUCCESS,11,1003.2
0.01,SUCCESS,1,1003.21
0.05,SUCCESS,6,1003.25
0.1,SUCCESS,2,1003.29
0.12,SUCCESS,7,1003.29
0.25,SUCCESS,0,1003.29
0.0,SUCCESS,11,1003.2
0.01,SUCCESS,3,1003.21
0.05,SUCCESS,1,1003.25
0.1,SUCCESS,1,1003.29
0.12,SUCCESS,0,1003.29
0.25,TIMEOUT,51,
0.0,SUCCESS,26,1003.3
0.01,SUCCESS,1,1003.31
0.05,SUCCESS,7,1003.35
0.1,SUCCESS,1,1003.39
0.12,SUCCESS,1,1003.39
0.25,SUCCESS,0,1003.39
0.0,SUCCESS,19,1003.3
0.01,SUCCESS,1,1003.31
0.05,SUCCESS,1,1003.35
0.1,SUCCESS,2,1003.39
0.12,SUCCESS,1,1003.39
0.25,SUCCESS,0,1003.39
0.0,SUCCESS,18,1003.3
0.01,SUCCESS,1,1003.31
0.05,SUCCESS,0,1003.35
0.1,SUCCESS,0,1003.39
0.12,SUCCESS,2,1003.39
0.25,SUCCESS,0,1003.39
0.0,SUCCESS,18,1003.3
0.01,SUCCESS,0,1003.31
0.05,SUCCESS,5,1003.35
0.1,SUCCESS,0,1003.39
0.12,SUCCESS,1,1003.39
0.25,SUCCESS,3,1003.39
0.0,SUCCESS,5,1003.3
0.01,SUCCESS,1,1003.31
0.05,SUCCESS,1,1003.35
0.1,SUCCESS,1,1003.39
0.12,SUCCESS,0,1003.39
0.25,SUCCESS,3,1003.39
0.0,SUCCESS,14,1003.3
0.01,SUCCESS,0,1003.31
0.05,SUCCESS,1,1003.35
0.1,SUCCESS,1,1003.39
0.12,SUCCESS,8,1003.39
0.25,SUCCESS,4,1003.39
0.0,SUCCESS,6,1003.3
0.01,SUCCESS,3,1003.31
0.05,SUCCESS,0,1003.35
0.1,SUCCESS,2,1003.39
0.12,TIMEOUT,51,
0.25,SUCCESS,3,1003.49
0.0,SUCCESS,35,1003.4
0.01,SUCCESS,0,1003.41
0.05,SUCCESS,2,1003.45
0.1,SUCCESS,2,1003.49
0.12,SUCCESS,2,1003.49
0.25,SUCCESS,0,1003.49
0.0,SUCCESS,20,1003.4
0.01,SUCCESS,0,1003.41
0.05,SUCCESS,0,1003.45
0.1,SUCCESS,1,1003.49
0.12,SUCCESS,1,1003.49
0.25,SUCCESS,0,1003.49
0.0,SUCCESS,21,1003.4
0.01,SUCCESS,1,1003.41
0.05,SUCCESS,0,1003.45
0.1,SUCCESS,0,1003.49
0.12,SUCCESS,1,1003.49
0.25,SUCCESS,0,1003.49
0.0,SUCCESS,15,1003.4
0.01,SUCCESS,4,1003.41
0.05,SUCCESS,4,1003.45
0.1,SUCCESS,0,1003.49
0.12,SUCCESS,1,1003.49
0.25,SUCCESS,2,1003.49
0.0,SUCCESS,22,1003.4
0.01,SUCCESS,0,1003.41
0.05,SUCCESS,3,1003.45
0.1,SUCCESS,1,1003.49
0.12,SUCCESS,1,1003.49
0.25,SUCCESS,0,1003.49
0.0,SUCCESS,11,1003.4
0.01,SUCCESS,5,1003.41
0.05,SUCCESS,0,1003.45
0.1,SUCCESS,6,1003.49
0.12,SUCCESS,0,1003.49
0.25,SUCCESS,0,1003.49
0.0,TIMEOUT,51,
0.01,SUCCESS,2,1003.61
0.05,SUCCESS,1,1003.65
0.1,SUCCESS,0,1003.69
0.12,SUCCESS,0,1003.69
0.25,SUCCESS,3,1003.69
0.0,SUCCESS,15,1003.6
0.01,SUCCESS,5,1003.61
0.05,SUCCESS,5,1003.65
0.1,SUCCESS,4,1003.69
0.12,SUCCESS,1,1003.69
0.25,SUCCESS,3,1003.69
0.0,SUCCESS,11,1003.6
0.01,SUCCESS,4,1003.61
0.05,SUCCESS,1,1003.65
0.1,SUCCESS,1,1003.69
0.12,SUCCESS,0,1003.69
0.25,SUCCESS,3,1003.69
0.0,SUCCESS,13,1003.6
0.01,SUCCESS,0,1003.61
0.05,SUCCESS,3,1003.65
0.1,SUCCESS,0,1003.69
0.12,TIMEOUT,51,
0.25,SUCCESS,0,1003.79
0.0,SUCCESS,25,1003.7
0.01,SUCCESS,1,1003.71
0.05,SUCCESS,1,1003.75
0.1,SUCCESS,1,1003.79
0.12,SUCCESS,1,1003.79
0.25,SUCCESS,1,1003.79
0.0,SUCCESS,14,1003.7
0.01,SUCCESS,0,1003.71
0.05,SUCCESS,2,1003.75
0.1,SUCCESS,5,1003.79
0.12,SUCCESS,0,1003.79
0.25,SUCCESS,2,1003.79
0.0,SUCCESS,14,1003.7
0.01,SUCCESS,0,1003.71
0.05,SUCCESS,2,1003.75
0.1,SUCCESS,1,1003.79
0.12,SUCCESS,1,1003.79
0.25,SUCCESS,1,1003.79
0.0,SUCCESS,19,1003.7
0.01,SUCCESS,0,1003.71
0.05,SUCCESS,0,1003.75
0.1,SUCCESS,1,1003.79
0.12,SUCCESS,2,1003.79
0.25,SUCCESS,3,1003.79
0.0,SUCCESS,20,1003.7
0.01,SUCCESS,0,1003.71
0.05,SUCCESS,0,1003.75
0.1,SUCCESS,2,1003.79
0.12,SUCCESS,0,1003.79
0.25,TIMEOUT,51,
0.0,SUCCESS,26,1003.8
0.01,SUCCESS,2,1003.81
0.05,SUCCESS,2,1003.85
0.1,SUCCESS,2,1003.89
0.12,SUCCESS,0,1003.89
0.25,SUCCESS,3,1003.89
0.0,SUCCESS,21,1003.8
0.01,SUCCESS,0,1003.81
0.05,SUCCESS,0,1003.85
0.1,SUCCESS,0,1003.89
0.12,SUCCESS,0,1003.89
0.25,SUCCESS,1,1003.89
0.0,SUCCESS,21,1003.8
0.01,SUCCESS,4,1003.81
0.05,SUCCESS,0,1003.85
0.1,SUCCESS,0,1003.89
0.12,SUCCESS,0,1003.89
0.25,SUCCESS,2,1003.89
0.0,SUCCESS,18,1003.8
0.01,SUCCESS,0,1003.81
0.05,SUCCESS,2,1003.85
0.1,SUCCESS,3,1003.89
0.12,SUCCESS,0,1003.89
0.25,SUCCESS,0,1003.89
0.0,SUCCESS,20,1003.8
0.01,SUCCESS,1,1003.81
0.05,SUCCESS,1,1003.85
0.1,SUCCESS,1,1003.89
0.12,SUCCESS,0,1003.89
0.25,SUCCESS,2,1003.89
0.0,SUCCESS,10,1003.8
0.01,SUCCESS,0,1003.81
0.05,SUCCESS,0,1003.85
0.1,SUCCESS,8,1003.89
0.12,SUCCESS,0,1003.89
0.25,SUCCESS,0,1003.89
0.0,SUCCESS,10,1003.8
0.01,SUCCESS,0,1003.81
0.05,SUCCESS,2,1003.85
0.1,SUCCESS,0,1003.89
0.12,SUCCESS,3,1003.89
0.25,SUCCESS,0,1003.89
0.0,SUCCESS,6,1003.8
0.01,SUCCESS,1,1003.81
0.05,SUCCESS,4,1003.85
0.1,SUCCESS,2,1003.89
0.12,SUCCESS,4,1003.89
0.25,SUCCESS,0,1003.89
0.0,SUCCESS,8,1003.8
0.01,SUCCESS,1,1003.81
0.05,SUCCESS,0,1003.85
0.1,SUCCESS,3,1003.89
0.12,TIMEOUT,51,
0.25,SUCCESS,1,1003.99
0.0,SUCCESS,41,1003.9
0.01,SUCCESS,0,1003.91
0.05,SUCCESS,1,1003.95
0.1,SUCCESS,0,1003.99
0.12,SUCCESS,1,1003.99
0.25,SUCCESS,3,1003.99
0.0,SUCCESS,20,1003.9
0.01,SUCCESS,0,1003.91
0.05,SUCCESS,2,1003.95
0.1,SUCCESS,0,1003.99
0.12,SUCCESS,2,1003.99
0.25,SUCCESS,4,1003.99
0.0,SUCCESS,16,1003.9
0.01,SUCCESS,1,1003.91
0.05,SUCCESS,1,1003.95
0.1,SUCCESS,0,1003.99
0.12,SUCCESS,1,1003.99
0.25,SUCCESS,1,1003.99
0.0,SUCCESS,15,1003.9
0.01,SUCCESS,4,1003.91
0.05,SUCCESS,1,1003.95
0.1,SUCCESS,3,1003.99
0.12,SUCCESS,0,1003.99
0.25,SUCCESS,0,1003.99
0.0,SUCCESS,18,1003.9
0.01,SUCCESS,0,1003.91
0.05,SUCCESS,0,1003.95
0.1,SUCCESS,0,1003.99
0.12,SUCCESS,0,1003.99
0.25,SUCCESS,0,1003.99
0.0,SUCCESS,17,1003.9
0.01,SUCCESS,1,1003.91
0.05,SUCCESS,1,1003.95
0.1,SUCCESS,1,1003.99
0.12,SUCCESS,1,1003.99
0.25,SUCCESS,0,1003.99
0.0,SUCCESS,6,1003.9
0.01,SUCCESS,1,1003.91
0.05,SUCCESS,0,1003.95
0.1,SUCCESS,1,1003.99
0.12,SUCCESS,2,1003.99
0.25,SUCCESS,1,1003.99
0.0,SUCCESS,26,1003.9
0.01,SUCCESS,1,1003.91
0.05,SUCCESS,1,1003.95
0.1,SUCCESS,2,1003.99
0.12,SUCCESS,1,1003.99
0.25,SUCCESS,2,1003.99
0.0,SUCCESS,13,1003.9
0.01,SUCCESS,3,1003.91
0.05,SUCCESS,0,1003.95
0.1,SUCCESS,1,1003.99
0.12,SUCCESS,0,1003.99
0.25,SUCCESS,1,1003.99
0.0,SUCCESS,16,1003.9
0.01,SUCCESS,0,1003.91
0.05,SUCCESS,1,1003.95
0.1,SUCCESS,6,1003.99
0.12,SUCCESS,1,1003.99
0.25,SUCCESS,1,1003.99
0.0,SUCCESS,15,1003.9
0.01,SUCCESS,3,1003.91
0.05,SUCCESS,2,1003.95
0.1,SUCCESS,2,1003.99
0.12,SUCCESS,0,1003.99
0.25,SUCCESS,0,1003.99
0.0,SUCCESS,10,1003.9
0.01,SUCCESS,1,1003.91
0.05,SUCCESS,0,1003.95
0.1,SUCCESS,8,1003.99
0.12,SUCCESS,2,1003.99
0.25,SUCCESS,2,1003.99
0.0,SUCCESS,10,1003.9
0.01,SUCCESS,1,1003.91
0.05,SUCCESS,0,1003.95
0.1,SUCCESS,0,1003.99
0.12,SUCCESS,0,1003.99
0.25,SUCCESS,2,1003.99
0.0,SUCCESS,13,1003.9
0.01,SUCCESS,0,1003.91
0.05,SUCCESS,2,1003.95
0.1,SUCCESS,0,1003.99
0.12,SUCCESS,13,1003.99
0.25,SUCCESS,3,1003.99
0.0,SUCCESS,10,1003.9
0.01,SUCCESS,3,1003.91
0.05,SUCCESS,1,1003.95
0.1,SUCCESS,0,1003.99
0.12,SUCCESS,1,1003.99
0.25,SUCCESS,0,1003.99
0.0,SUCCESS,8,1003.9
0.01,SUCCESS,3,1003.91
0.05,SUCCESS,2,1003.95
0.1,SUCCESS,0,1003.99
0.12,SUCCESS,0,1003.99
0.25,SUCCESS,0,1003.99
0.0,SUCCESS,11,1003.9
0.01,SUCCESS,0,1003.91
0.05,SUCCESS,3,1003.95
0.1,SUCCESS,1,1003.99
0.12,SUCCESS,2,1003.99
0.25,SUCCESS,1,1003.99
0.0,SUCCESS,10,1003.9
0.01,SUCCESS,2,1003.91
0.05,SUCCESS,0,1003.95
0.1,SUCCESS,0,1003.99
0.12,SUCCESS,3,1003.99
0.25,SUCCESS,2,1003.99
0.0,SUCCESS,5,1003.3
0.01,SUCCESS,0,1003.31
0.05,SUCCESS,2,1003.35
0.1,SUCCESS,0,1003.39
0.12,SUCCESS,2,1003.39
0.25,SUCCESS,1,1003.39
0.0,SUCCESS,5,1003.3
0.01,SUCCESS,1,1003.31
0.05,SUCCESS,0,1003.35
0.1,SUCCESS,2,1003.39
0.12,SUCCESS,1,1003.39
0.25,SUCCESS,3,1003.39
0.0,SUCCESS,2,1003.3
0.01,SUCCESS,0,1003.31
0.05,SUCCESS,1,1003.35
0.1,SUCCESS,1,1003.39
0.12,SUCCESS,1,1003.39
0.25,SUCCESS,1,1003.39
0.0,SUCCESS,11,1003.3
0.01,SUCCESS,2,1003.31
0.05,SUCCESS,0,1003.35
0.1,SUCCESS,0,1003.39
0.12,SUCCESS,0,1003.39
0.25,SUCCESS,0,1003.39
0.0,SUCCESS,12,1003.3
0.01,SUCCESS,2,1003.31
0.05,SUCCESS,1,1003.35
0.1,SUCCESS,0,1003.39
0.12,SUCCESS,1,1003.39
0.25,SUCCESS,1,1003.39
0.0,SUCCESS,7,1003.3
0.01,SUCCESS,0,1003.31
0.05,SUCCESS,1,1003.35
0.1,SUCCESS,3,1003.39
0.12,SUCCESS,0,1003.39
0.25,SUCCESS,2,1003.39
0.0,SUCCESS,4,1003.3
0.01,SUCCESS,0,1003.31
0.05,SUCCESS,0,1003.35
0.1,SUCCESS,6,1003.39
0.12,SUCCESS,0,1003.39
0.25,SUCCESS,1,1003.7
0.0,SUCCESS,13,1003.6
0.01,SUCCESS,0,1003.61
0.05,SUCCESS,2,1003.65
0.1,SUCCESS,0,1003.69
0.12,TIMEOUT,51,
0.25,SUCCESS,2,1004.19
0.0,SUCCESS,30,1004.1
0.01,SUCCESS,0,1004.11
0.05,SUCCESS,0,1004.15
0.1,SUCCESS,0,1004.19
0.12,SUCCESS,1,1004.19
0.25,SUCCESS,1,1004.19
0.0,SUCCESS,13,1004.1
0.01,SUCCESS,0,1004.11
0.05,SUCCESS,0,1004.15
0.1,SUCCESS,3,1004.19
0.12,SUCCESS,1,1004.19
0.25,SUCCESS,5,1004.19
0.0,SUCCESS,11,1004.1
0.01,SUCCESS,1,1004.11
0.05,SUCCESS,0,1004.15
0.1,SUCCESS,0,1004.19
0.12,SUCCESS,4,1004.19
0.25,TIMEOUT,51,
0.0,SUCCESS,31,1004.5
0.01,SUCCESS,1,1004.51
0.05,SUCCESS,1,1004.55
0.1,SUCCESS,3,1004.59
0.12,SUCCESS,1,1004.59
0.25,SUCCESS,1,1004.59
0.0,SUCCESS,1,1004.6
0.01,SUCCESS,1,1004.61
0.05,SUCCESS,1,1004.65
0.1,TIMEOUT,51,
0.12,SUCCESS,0,1004.79
0.25,SUCCESS,0,1004.79
0.0,SUCCESS,21,1004.7
0.01,SUCCESS,1,1004.71
0.05,SUCCESS,3,1004.75
0.1,SUCCESS,1,1004.79
0.12,SUCCESS,1,1004.79
0.25,SUCCESS,0,1004.79
0.0,SUCCESS,14,1004.7
0.01,SUCCESS,0,1004.71
0.05,SUCCESS,1,1004.75
0.1,SUCCESS,1,1004.79
0.12,SUCCESS,1,1004.79
0.25,SUCCESS,2,1004.79
0.0,SUCCESS,17,1004.7
0.01,SUCCESS,3,1004.71
0.05,SUCCESS,2,1004.75
0.1,SUCCESS,0,1004.79
0.12,SUCCESS,4,1004.79
0.25,SUCCESS,1,1004.79
0.0,SUCCESS,16,1004.7
0.01,SUCCESS,1,1004.71
0.05,SUCCESS,1,1004.75
0.1,SUCCESS,9,1004.79
0.12,SUCCESS,1,1004.79
0.25,TIMEOUT,51,
0.0,SUCCESS,27,1005.3
0.01,SUCCESS,0,1005.31
0.05,SUCCESS,1,1005.35
0.1,SUCCESS,7,1005.39
0.12,SUCCESS,2,1005.39
0.25,SUCCESS,0,1005.39
0.0,SUCCESS,18,1005.3
0.01,SUCCESS,3,1005.31
0.05,SUCCESS,0,1005.35
0.1,SUCCESS,1,1005.39
0.12,SUCCESS,2,1005.39
0.25,SUCCESS,0,1005.39
0.0,SUCCESS,15,1005.3
0.01,SUCCESS,0,1005.31
0.05,SUCCESS,1,1005.35
0.1,SUCCESS,2,1005.39
0.12,SUCCESS,3,1005.39
0.25,SUCCESS,0,1005.39
0.0,SUCCESS,12,1005.3
0.01,SUCCESS,2,1005.31
0.05,SUCCESS,0,1005.35
0.1,SUCCESS,2,1005.39
0.12,SUCCESS,0,1005.39
0.25,TIMEOUT,51,
0.0,SUCCESS,26,1005.7
0.01,SUCCESS,1,1005.71
0.05,SUCCESS,1,1005.75
0.1,SUCCESS,2,1005.79
0.12,SUCCESS,5,1005.79
0.25,SUCCESS,2,1005.79
0.0,SUCCESS,15,1005.7
0.01,SUCCESS,0,1005.71
0.05,SUCCESS,0,1005.75
0.1,SUCCESS,1,1005.79
0.12,SUCCESS,0,1005.79
0.25,SUCCESS,2,1005.79
0.0,SUCCESS,21,1005.7
0.01,SUCCESS,3,1005.71
0.05,SUCCESS,2,1005.75
0.1,SUCCESS,0,1005.79
0.12,SUCCESS,0,1005.79
0.25,SUCCESS,0,1005.79
0.0,SUCCESS,8,1005.7
0.01,SUCCESS,2,1005.71
0.05,SUCCESS,4,1005.75
0.1,SUCCESS,1,1005.79
0.12,SUCCESS,0,1005.79
0.25,SUCCESS,0,1005.79
0.0,SUCCESS,8,1005.7
0.01,SUCCESS,1,1005.71
0.05,SUCCESS,1,1005.75
0.1,SUCCESS,0,1005.79
0.12,SUCCESS,3,1005.79
0.25,SUCCESS,2,1005.79
0.0,SUCCESS,13,1005.8
0.01,SUCCESS,1,1005.81
0.05,SUCCESS,2,1005.85
0.1,SUCCESS,1,1005.89
0.12,SUCCESS,0,1005.89
0.25,SUCCESS,0,1005.89
0.0,SUCCESS,13,1005.8
0.01,SUCCESS,2,1005.81
0.05,SUCCESS,0,1005.85
0.1,SUCCESS,3,1005.89
0.12,SUCCESS,1,1005.89
0.25,SUCCESS,0,1005.89
0.0,SUCCESS,13,1005.8
0.01,SUCCESS,1,1005.81
0.05,SUCCESS,0,1005.85
0.1,SUCCESS,0,1005.89
0.12,SUCCESS,0,1005.89
0.25,SUCCESS,0,1005.89
0.0,SUCCESS,9,1005.8
0.01,SUCCESS,0,1005.81
0.05,SUCCESS,2,1005.85
0.1,SUCCESS,2,1005.89
0.12,SUCCESS,0,1005.89
0.25,SUCCESS,3,1005.89
0.0,SUCCESS,18,1005.8
0.01,SUCCESS,0,1005.81
0.05,SUCCESS,4,1005.85
0.1,SUCCESS,0,1005.89
0.12,SUCCESS,1,1005.89
0.25,SUCCESS,2,1005.89
0.0,SUCCESS,10,1005.8
0.01,SUCCESS,2,1005.81
0.05,SUCCESS,0,1005.85
0.1,SUCCESS,2,1005.89
0.12,SUCCESS,6,1005.89
0.25,TIMEOUT,51,
0.0,SUCCESS,37,1005.9
0.01,SUCCESS,5,1005.91
0.05,SUCCESS,0,1005.95
0.1,SUCCESS,0,1005.99
0.12,SUCCESS,2,1005.99
0.25,SUCCESS,5,1005.99
0.0,SUCCESS,10,1005.9
0.01,SUCCESS,0,1005.91
0.05,SUCCESS,0,1005.95
0.1,SUCCESS,0,1005.99
0.12,SUCCESS,5,1005.99
0.25,SUCCESS,4,1005.99
0.0,SUCCESS,5,1005.9
0.01,SUCCESS,0,1005.91
0.05,SUCCESS,1,1005.95
0.1,SUCCESS,2,1005.99
0.12,SUCCESS,0,1005.99
0.25,SUCCESS,0,1005.99
0.0,SUCCESS,13,1005.9
0.01,SUCCESS,0,1005.91
0.05,SUCCESS,0,1005.95
0.1,SUCCESS,0,1005.99
0.12,SUCCESS,5,1005.99
0.25,SUCCESS,0,1005.99
0.0,SUCCESS,7,1005.9
0.01,SUCCESS,1,1005.91
0.05,SUCCESS,2,1005.95
0.1,SUCCESS,4,1005.99
0.12,SUCCESS,2,1005.99
0.25,SUCCESS,40,1006.09
0.0,SUCCESS,1,998.7
0.01,SUCCESS,3,998.61
0.05,SUCCESS,1,998.65
0.1,SUCCESS,4,998.69
0.12,SUCCESS,0,998.69
0.25,SUCCESS,0,998.69
0.0,SUCCESS,12,998.6
0.01,SUCCESS,1,998.61
0.05,SUCCESS,0,998.65
0.1,SUCCESS,0,998.69
0.12,SUCCESS,1,998.69
0.25,SUCCESS,3,998.69
0.0,SUCCESS,13,998.6
0.01,SUCCESS,2,998.61
0.05,SUCCESS,0,998.65
0.1,SUCCESS,0,998.69
0.12,SUCCESS,0,998.69
0.25,SUCCESS,0,998.69
0.0,SUCCESS,16,998.6
0.01,SUCCESS,0,998.61
0.05,SUCCESS,2,998.65
0.1,SUCCESS,0,998.69
0.12,SUCCESS,1,998.69
0.25,SUCCESS,8,998.69
0.0,SUCCESS,7,998.6
0.01,SUCCESS,3,998.61
0.05,SUCCESS,0,998.65
0.1,TIMEOUT,51,
0.12,SUCCESS,0,998.79
0.25,SUCCESS,1,998.79
0.0,SUCCESS,21,998.7
0.01,SUCCESS,2,998.71
0.05,SUCCESS,1,998.75
0.1,SUCCESS,0,998.79
0.12,SUCCESS,3,998.79
0.25,SUCCESS,1,998.79
0.0,SUCCESS,7,998.7
0.01,SUCCESS,7,998.71
0.05,SUCCESS,0,998.75
0.1,SUCCESS,0,998.79
0.12,SUCCESS,1,998.79
0.25,SUCCESS,2,998.79
0.0,SUCCESS,15,998.7
0.01,SUCCESS,2,998.71
0.05,SUCCESS,2,998.75
0.1,SUCCESS,1,998.79
0.12,SUCCESS,1,998.79
0.25,SUCCESS,1,998.79
0.0,SUCCESS,19,998.7
0.01,SUCCESS,1,998.71
0.05,SUCCESS,2,998.75
0.1,SUCCESS,2,998.79
0.12,SUCCESS,1,998.79
0.25,SUCCESS,1,998.79
0.0,SUCCESS,13,998.7
0.01,SUCCESS,0,998.71
0.05,SUCCESS,0,998.75
0.1,SUCCESS,0,998.79
0.12,SUCCESS,3,998.79
0.25,SUCCESS,0,998.79
0.0,SUCCESS,17,998.7
0.01,SUCCESS,2,998.71
0.05,SUCCESS,0,998.75
0.1,SUCCESS,4,998.79
0.12,SUCCESS,2,998.79
0.25,SUCCESS,3,999.3
0.0,SUCCESS,16,999.2
0.01,SUCCESS,0,999.21
0.05,SUCCESS,3,999.25
0.1,SUCCESS,1,999.29
0.12,SUCCESS,2,999.29
0.25,SUCCESS,3,999.5
0.0,SUCCESS,11,999.4
0.01,SUCCESS,1,999.41
0.05,SUCCESS,1,999.45
0.1,SUCCESS,1,999.49
0.12,SUCCESS,0,999.49
0.25,SUCCESS,1,999.49
0.0,SUCCESS,21,999.4
0.01,SUCCESS,1,999.41
0.05,SUCCESS,0,999.45
0.1,SUCCESS,1,999.49
0.12,SUCCESS,3,999.49
0.25,SUCCESS,0,999.49
0.0,SUCCESS,16,999.4
0.01,SUCCESS,1,999.41
0.05,SUCCESS,3,999.45
0.1,TIMEOUT,51,
0.12,SUCCESS,3,999.79
0.25,SUCCESS,0,999.79
0.0,SUCCESS,22,999.7
0.01,SUCCESS,0,999.71
0.05,SUCCESS,1,999.75
0.1,SUCCESS,1,999.79
0.12,SUCCESS,0,999.79
0.25,SUCCESS,1,999.79
0.0,SUCCESS,38,999.7
0.01,SUCCESS,0,999.71
0.05,SUCCESS,0,999.75
0.1,SUCCESS,0,999.79
0.12,SUCCESS,2,999.79
0.25,SUCCESS,0,999.79
0.0,SUCCESS,19,999.7
0.01,SUCCESS,0,999.71
0.05,SUCCESS,0,999.75
0.1,SUCCESS,3,999.79
0.12,SUCCESS,3,999.79
0.25,SUCCESS,1,999.79
0.0,SUCCESS,24,999.7
0.01,SUCCESS,0,999.71
0.05,SUCCESS,0,999.75
0.1,SUCCESS,0,999.79
0.12,SUCCESS,1,999.79
0.25,SUCCESS,1,999.79
0.0,SUCCESS,18,999.7
0.01,SUCCESS,0,999.71
0.05,SUCCESS,0,999.75
0.1,SUCCESS,0,999.79
0.12,SUCCESS,1,999.79
0.25,SUCCESS,2,999.79
0.0,SUCCESS,17,999.7
0.01,SUCCESS,0,999.71
0.05,SUCCESS,5,999.75
0.1,SUCCESS,2,999.79
0.12,SUCCESS,1,999.79
0.25,SUCCESS,1,999.79
0.0,SUCCESS,13,999.7
0.01,SUCCESS,2,999.71
0.05,SUCCESS,1,999.75
0.1,SUCCESS,0,999.79
0.12,TIMEOUT,51,
0.25,SUCCESS,7,999.89
0.0,SUCCESS,33,999.8
0.01,SUCCESS,2,999.81
0.05,SUCCESS,1,999.85
0.1,SUCCESS,2,999.89
0.12,SUCCESS,1,999.89
0.25,SUCCESS,0,999.89
0.0,SUCCESS,17,999.8
0.01,SUCCESS,1,999.81
0.05,SUCCESS,2,999.85
0.1,SUCCESS,0,999.89
0.12,SUCCESS,1,999.89
0.25,SUCCESS,0,999.89
0.0,SUCCESS,18,999.8
0.01,SUCCESS,7,999.81
0.05,SUCCESS,0,999.85
0.1,SUCCESS,2,999.89
0.12,SUCCESS,0,999.89
0.25,SUCCESS,1,999.89
0.0,SUCCESS,9,999.8
0.01,SUCCESS,0,999.81
0.05,SUCCESS,0,999.85
0.1,SUCCESS,2,999.89
0.12,SUCCESS,3,999.89
0.25,SUCCESS,0,999.89
0.0,SUCCESS,10,999.8
0.01,SUCCESS,0,999.81
0.05,SUCCESS,2,999.85
0.1,SUCCESS,2,999.89
0.12,SUCCESS,1,999.89
0.25,SUCCESS,0,999.89
0.0,SUCCESS,6,999.8
0.01,SUCCESS,1,999.81
0.05,SUCCESS,2,999.85
0.1,SUCCESS,4,999.89
0.12,SUCCESS,1,999.89
0.25,SUCCESS,2,999.89
0.0,SUCCESS,4,999.8
0.01,SUCCESS,2,999.81
0.05,SUCCESS,1,999.85
0.1,SUCCESS,0,999.89
0.12,SUCCESS,13,1000.0
0.25,SUCCESS,2,1000.09
0.0,SUCCESS,12,1000.0
0.01,SUCCESS,4,1000.01
0.05,SUCCESS,0,1000.05
0.1,SUCCESS,0,1000.09
0.12,SUCCESS,0,1000.09
0.25,SUCCESS,1,1000.09
0.0,SUCCESS,29,1000.0
0.01,SUCCESS,0,1000.01
0.05,SUCCESS,1,1000.05
0.1,SUCCESS,2,1000.09
0.12,SUCCESS,2,1000.09
0.25,SUCCESS,1,1000.09
0.0,SUCCESS,21,1000.0
0.01,SUCCESS,2,1000.01
0.05,SUCCESS,0,1000.05
0.1,SUCCESS,0,1000.09
0.12,SUCCESS,1,1000.09
0.25,SUCCESS,4,1000.09
0.0,SUCCESS,14,1000.0
0.01,SUCCESS,2,1000.01
0.05,SUCCESS,8,1000.05
0.1,SUCCESS,0,1000.09
0.12,SUCCESS,0,1000.09
0.25,SUCCESS,0,1000.09
0.0,SUCCESS,18,1000.0
0.01,SUCCESS,1,1000.01
0.05,SUCCESS,2,1000.05
0.1,SUCCESS,1,1000.09
0.12,SUCCESS,2,1000.09
0.25,SUCCESS,1,1000.09
0.0,SUCCESS,13,1000.0
0.01,SUCCESS,0,1000.01
0.05,SUCCESS,0,1000.05
0.1,SUCCESS,1,1000.09
0.12,SUCCESS,3,1000.09
0.25,SUCCESS,0,1000.09
0.0,SUCCESS,23,1000.0
0.01,SUCCESS,0,1000.01
0.05,SUCCESS,1,1000.05
0.1,SUCCESS,0,1000.09
0.12,SUCCESS,0,1000.09
0.25,SUCCESS,0,1000.09
0.0,SUCCESS,15,1000.0
0.01,SUCCESS,1,1000.01
0.05,SUCCESS,0,1000.05
0.1,SUCCESS,4,1000.09
0.12,SUCCESS,2,1000.09
0.25,SUCCESS,7,1000.09
0.0,SUCCESS,15,1000.0
0.01,SUCCESS,4,1000.01
0.05,SUCCESS,4,1000.05
0.1,SUCCESS,2,1000.09
0.12,SUCCESS,0,1000.09
0.25,SUCCESS,3,1000.09
0.0,SUCCESS,5,1000.0
0.01,SUCCESS,2,1000.01
0.05,SUCCESS,1,1000.05
0.1,SUCCESS,0,1000.09
0.12,SUCCESS,0,1000.09
0.25,SUCCESS,1,1000.09
0.0,SUCCESS,2,1000.0
0.01,SUCCESS,3,1000.01
0.05,SUCCESS,0,1000.05
0.1,SUCCESS,1,1000.09
0.12,SUCCESS,1,1000.09
0.25,SUCCESS,1,1000.09
0.0,SUCCESS,22,1000.0
0.01,SUCCESS,1,1000.01
0.05,SUCCESS,1,1000.05
0.1,SUCCESS,0,1000.09
0.12,SUCCESS,3,1000.09
0.25,SUCCESS,1,1000.09
0.0,SUCCESS,17,1000.0
0.01,SUCCESS,1,1000.01
0.05,SUCCESS,4,1000.05
0.1,SUCCESS,3,1000.09
0.12,SUCCESS,0,1000.09
0.25,SUCCESS,3,1000.09
0.0,SUCCESS,12,1000.0
0.01,SUCCESS,0,1000.01
0.05,SUCCESS,2,1000.05
0.1,SUCCESS,2,1000.09
0.12,SUCCESS,0,1000.09
0.25,SUCCESS,1,1000.09
0.0,SUCCESS,17,1000.0
0.01,SUCCESS,0,1000.01
0.05,SUCCESS,0,1000.05
0.1,SUCCESS,0,1000.09
0.12,SUCCESS,0,1000.09
0.25,SUCCESS,0,1000.09
0.0,SUCCESS,18,1000.0
0.01,SUCCESS,2,1000.01
0.05,SUCCESS,0,1000.05
0.1,TIMEOUT,51,
0.12,SUCCESS,0,1000.19
0.25,SUCCESS,1,1000.19
0.0,SUCCESS,24,1000.1
0.01,SUCCESS,1,1000.11
0.05,SUCCESS,1,1000.15
0.1,SUCCESS,1,1000.19
0.12,SUCCESS,2,1000.19
0.25,SUCCESS,0,1000.29
0.0,SUCCESS,7,1000.2
0.01,SUCCESS,1,1000.21
0.05,SUCCESS,0,1000.25
0.1,SUCCESS,1,1000.29
0.12,SUCCESS,2,1000.29
0.25,SUCCESS,0,1000.29
0.0,SUCCESS,10,1000.2
0.01,SUCCESS,0,1000.21
0.05,SUCCESS,0,1000.25
0.1,SUCCESS,1,1000.29
0.12,SUCCESS,1,1000.29
0.25,SUCCESS,4,1000.29
0.0,SUCCESS,9,1000.2
0.01,SUCCESS,1,1000.21
0.05,SUCCESS,1,1000.25
0.1,SUCCESS,1,1000.29
0.12,SUCCESS,4,1000.29
0.25,SUCCESS,3,1000.29
0.0,SUCCESS,5,1000.2
0.01,SUCCESS,2,1000.21
0.05,SUCCESS,6,1000.25
0.1,SUCCESS,1,1000.29
0.12,SUCCESS,5,1000.29
0.25,SUCCESS,0,1000.29
0.0,SUCCESS,10,1000.2
0.01,SUCCESS,1,1000.21
0.05,SUCCESS,0,1000.25
0.1,SUCCESS,1,1000.29
0.12,TIMEOUT,51,
0.25,SUCCESS,1,1000.39
0.0,SUCCESS,30,1000.3
0.01,SUCCESS,2,1000.31
0.05,SUCCESS,0,1000.35
0.1,SUCCESS,4,1000.39
0.12,SUCCESS,1,1000.39
0.25,SUCCESS,0,1000.39
0.0,SUCCESS,19,1000.3
0.01,SUCCESS,2,1000.31
0.05,SUCCESS,5,1000.35
0.1,SUCCESS,1,1000.39
0.12,SUCCESS,0,1000.39
0.25,SUCCESS,0,1000.39
0.0,SUCCESS,19,1000.3
0.01,SUCCESS,3,1000.31
0.05,SUCCESS,2,1000.35
0.1,SUCCESS,1,1000.39
0.12,SUCCESS,0,1000.39
0.25,SUCCESS,0,1000.39
0.0,SUCCESS,13,1000.3
0.01,SUCCESS,3,1000.31
0.05,SUCCESS,1,1000.35
0.1,SUCCESS,0,1000.39
0.12,SUCCESS,0,1000.39
0.25,TIMEOUT,51,
0.0,SUCCESS,28,1000.5
0.01,SUCCESS,0,1000.51
0.05,SUCCESS,2,1000.55
0.1,SUCCESS,1,1000.59
0.12,SUCCESS,1,1000.59
0.25,SUCCESS,2,1000.59
0.0,SUCCESS,20,1000.5
0.01,SUCCESS,1,1000.51
0.05,SUCCESS,3,1000.55
0.1,SUCCESS,0,1000.59
0.12,SUCCESS,1,1000.59
0.25,SUCCESS,2,1000.59
0.0,SUCCESS,13,1000.5
0.01,SUCCESS,2,1000.51
0.05,SUCCESS,0,1000.55
0.1,SUCCESS,0,1000.59
0.12,SUCCESS,0,1000.59
0.25,SUCCESS,0,1000.59
0.0,SUCCESS,6,1000.5
0.01,SUCCESS,1,1000.51
0.05,SUCCESS,3,1000.55
0.1,SUCCESS,0,1000.59
0.12,TIMEOUT,51,
0.25,SUCCESS,1,1000.69
0.0,SUCCESS,25,1000.6
0.01,SUCCESS,1,1000.61
0.05,SUCCESS,1,1000.65
0.1,SUCCESS,2,1000.69
0.12,SUCCESS,0,1000.69
0.25,SUCCESS,2,1000.69
0.0,SUCCESS,18,1000.6
0.01,SUCCESS,1,1000.61
0.05,SUCCESS,0,1000.65
0.1,SUCCESS,1,1000.69
0.12,SUCCESS,2,1000.69
0.25,SUCCESS,0,1000.69
0.0,SUCCESS,17,1000.6
0.01,SUCCESS,1,1000.61
0.05,SUCCESS,1,1000.65
0.1,SUCCESS,0,1000.69
0.12,SUCCESS,0,1000.69
0.25,SUCCESS,2,1000.69
0.0,SUCCESS,14,1000.6
0.01,SUCCESS,2,1000.61
0.05,SUCCESS,2,1000.65
0.1,SUCCESS,0,1000.69
0.12,SUCCESS,1,1000.69
0.25,SUCCESS,1,1000.69
0.0,SUCCESS,16,1000.6
0.01,SUCCESS,2,1000.61
0.05,SUCCESS,1,1000.65
0.1,SUCCESS,2,1000.69
0.12,SUCCESS,0,1000.69
0.25,SUCCESS,1,1000.69
0.0,SUCCESS,2,1000.6
0.01,SUCCESS,2,1000.61
0.05,SUCCESS,3,1000.65
0.1,SUCCESS,1,1000.69
0.12,SUCCESS,0,1000.69
0.25,SUCCESS,1,1000.69
0.0,SUCCESS,7,1000.6
0.01,SUCCESS,0,1000.61
0.05,SUCCESS,1,1000.65
0.1,SUCCESS,2,1000.69
0.12,SUCCESS,3,1000.69
0.25,SUCCESS,2,1000.69
0.0,SUCCESS,10,1000.6
0.01,SUCCESS,1,1000.61
0.05,SUCCESS,2,1000.65
0.1,SUCCESS,3,1000.69
0.12,TIMEOUT,51,
0.25,SUCCESS,1,1000.89
0.0,SUCCESS,25,1000.8
0.01,SUCCESS,1,1000.81
0.05,SUCCESS,1,1000.85
0.1,SUCCESS,1,1000.89
0.12,SUCCESS,2,1000.89
0.25,SUCCESS,3,1000.89
0.0,SUCCESS,12,1000.8
0.01,SUCCESS,1,1000.81
0.05,SUCCESS,3,1000.85
0.1,SUCCESS,2,1000.89
0.12,TIMEOUT,51,
0.25,SUCCESS,2,1000.99
0.0,SUCCESS,22,1000.9
0.01,SUCCESS,1,1000.91
0.05,SUCCESS,2,1000.95
0.1,SUCCESS,4,1000.99
0.12,SUCCESS,2,1000.99
0.25,SUCCESS,1,1000.99
0.0,SUCCESS,15,1000.9
0.01,SUCCESS,0,1000.91
0.05,SUCCESS,4,1000.95
0.1,SUCCESS,0,1000.99
0.12,SUCCESS,1,1000.99
0.25,TIMEOUT,51,
0.0,SUCCESS,29,1001.4
0.01,SUCCESS,3,1001.41
0.05,SUCCESS,3,1001.45
0.1,TIMEOUT,51,
0.12,SUCCESS,0,1001.59
0.25,SUCCESS,1,1001.59
0.0,SUCCESS,27,1001.5
0.01,SUCCESS,1,1001.51
0.05,SUCCESS,0,1001.55
0.1,SUCCESS,3,1001.59
0.12,SUCCESS,1,1001.59
0.25,SUCCESS,4,1001.59
0.0,SUCCESS,17,1001.5
0.01,SUCCESS,2,1001.51
0.05,SUCCESS,1,1001.55
0.1,SUCCESS,3,1001.59
0.12,SUCCESS,1,1001.59
0.25,SUCCESS,4,1001.59
0.0,SUCCESS,6,1001.5
0.01,SUCCESS,3,1001.51
0.05,SUCCESS,2,1001.55
0.1,SUCCESS,0,1001.59
0.12,SUCCESS,2,1001.59
0.25,SUCCESS,0,1001.59
0.0,SUCCESS,18,1001.5
0.01,SUCCESS,3,1001.51
0.05,SUCCESS,0,1001.55
0.1,SUCCESS,3,1001.59
0.12,SUCCESS,0,1001.59
0.25,SUCCESS,4,1001.59
0.0,SUCCESS,9,1001.5
0.01,SUCCESS,1,1001.51
0.05,SUCCESS,0,1001.55
0.1,SUCCESS,2,1001.59
0.12,SUCCESS,0,1001.59
0.25,SUCCESS,2,1001.59
0.0,SUCCESS,14,1001.5
0.01,SUCCESS,1,1001.51
0.05,SUCCESS,2,1001.55
0.1,SUCCESS,2,1001.59
0.12,SUCCESS,0,1001.59
0.25,SUCCESS,0,1001.59
0.0,SUCCESS,12,1001.5
0.01,SUCCESS,0,1001.51
0.05,SUCCESS,0,1001.55
0.1,SUCCESS,0,1001.59
0.12,SUCCESS,0,1001.59
0.25,SUCCESS,3,1001.59
0.0,SUCCESS,16,1001.5
0.01,SUCCESS,2,1001.51
0.05,SUCCESS,0,1001.55
0.1,SUCCESS,1,1001.59
0.12,SUCCESS,2,1001.59
0.25,SUCCESS,3,1001.59
0.0,SUCCESS,12,1001.5
0.01,SUCCESS,0,1001.51
0.05,SUCCESS,0,1001.55
0.1,SUCCESS,1,1001.59
0.12,SUCCESS,2,1001.59
0.25,TIMEOUT,51,
0.0,SUCCESS,25,1001.7
0.01,SUCCESS,3,1001.71
0.05,SUCCESS,1,1001.75
0.1,SUCCESS,1,1001.79
0.12,SUCCESS,0,1001.79
0.25,SUCCESS,0,1001.79
0.0,SUCCESS,23,1001.7
0.01,SUCCESS,0,1001.71
0.05,SUCCESS,0,1001.75
0.1,SUCCESS,1,1001.79
0.12,SUCCESS,0,1001.79
0.25,SUCCESS,0,1001.79
0.0,SUCCESS,27,1001.7
0.01,SUCCESS,5,1001.71
0.05,SUCCESS,1,1001.75
0.1,SUCCESS,0,1001.79
0.12,SUCCESS,0,1001.79
0.25,SUCCESS,3,1001.79
0.0,SUCCESS,19,1001.7
0.01,SUCCESS,2,1001.71
0.05,SUCCESS,2,1001.75
0.1,SUCCESS,5,1001.79
0.12,SUCCESS,0,1001.79
0.25,SUCCESS,2,1001.79
0.0,SUCCESS,9,1001.7
0.01,SUCCESS,4,1001.71
0.05,SUCCESS,3,1001.75
0.1,SUCCESS,4,1001.79
0.12,SUCCESS,2,1001.79
0.25,TIMEOUT,51,
0.0,SUCCESS,22,1002.2
0.01,SUCCESS,1,1002.21
0.05,SUCCESS,0,1002.25
0.1,SUCCESS,0,1002.29
0.12,SUCCESS,1,1002.29
0.25,SUCCESS,1,1002.29
0.0,SUCCESS,21,1002.2
0.01,SUCCESS,2,1002.21
0.05,SUCCESS,0,1002.25
0.1,SUCCESS,0,1002.29
0.12,SUCCESS,0,1002.29
0.25,SUCCESS,0,1002.29
0.0,SUCCESS,21,1002.2
0.01,SUCCESS,1,1002.21
0.05,SUCCESS,1,1002.25
0.1,SUCCESS,1,1002.29
0.12,SUCCESS,1,1002.29
0.25,SUCCESS,1,1002.29
0.0,SUCCESS,17,1002.2
0.01,SUCCESS,0,1002.21
0.05,SUCCESS,0,1002.25
0.1,SUCCESS,0,1002.29
0.12,SUCCESS,0,1002.29
0.25,SUCCESS,1,1002.29
0.0,SUCCESS,16,1002.2
0.01,SUCCESS,5,1002.21
0.05,SUCCESS,0,1002.25
0.1,SUCCESS,0,1002.29
0.12,SUCCESS,1,1002.29
0.25,SUCCESS,0,1002.29
0.0,SUCCESS,13,1002.2
0.01,SUCCESS,2,1002.21
0.05,SUCCESS,1,1002.25
0.1,SUCCESS,4,1002.29
0.12,SUCCESS,1,1002.29
0.25,SUCCESS,1,1002.29
0.0,SUCCESS,18,1002.2
0.01,SUCCESS,3,1002.21
0.05,SUCCESS,1,1002.25
0.1,TIMEOUT,51,
0.12,SUCCESS,0,1002.39
0.25,SUCCESS,0,1002.39
0.0,SUCCESS,28,1002.3
0.01,SUCCESS,0,1002.31
0.05,SUCCESS,5,1002.35
0.1,SUCCESS,0,1002.39
0.12,SUCCESS,1,1002.39
0.25,SUCCESS,1,1002.39
0.0,SUCCESS,23,1002.3
0.01,SUCCESS,0,1002.31
0.05,SUCCESS,3,1002.35
0.1,SUCCESS,2,1002.39
0.12,SUCCESS,0,1002.39
0.25,SUCCESS,1,1002.39
0.0,SUCCESS,19,1002.3
0.01,SUCCESS,2,1002.31
0.05,SUCCESS,1,1002.35
0.1,SUCCESS,0,1002.39
0.12,SUCCESS,2,1002.39
0.25,SUCCESS,1,1002.39
0.0,SUCCESS,14,1002.3
0.01,SUCCESS,0,1002.31
0.05,SUCCESS,0,1002.35
0.1,SUCCESS,0,1002.39
0.12,SUCCESS,0,1002.39
0.25,SUCCESS,5,1002.39
0.0,SUCCESS,28,1002.3
0.01,SUCCESS,1,1002.31
0.05,SUCCESS,9,1002.35
0.1,SUCCESS,2,1002.39
0.12,SUCCESS,4,1002.39
0.25,SUCCESS,2,1002.39
0.0,SUCCESS,18,1002.3
0.01,SUCCESS,0,1002.31
0.05,SUCCESS,2,1002.35
0.1,SUCCESS,3,1002.39
0.12,SUCCESS,6,1002.39
0.25,TIMEOUT,51,
0.0,SUCCESS,23,1002.4
0.01,SUCCESS,1,1002.41
0.05,SUCCESS,2,1002.45
0.1,SUCCESS,1,1002.49
0.12,SUCCESS,3,1002.49
0.25,SUCCESS,1,1002.49
0.0,SUCCESS,6,1002.5
0.01,SUCCESS,2,1002.51
0.05,TIMEOUT,51,
0.1,SUCCESS,2,1002.89
0.12,SUCCESS,0,1002.89
0.25,SUCCESS,2,1002.89
0.0,SUCCESS,17,1002.8
0.01,SUCCESS,5,1002.81
0.05,SUCCESS,0,1002.85
0.1,SUCCESS,0,1002.89
0.12,SUCCESS,2,1002.89
0.25,SUCCESS,2,1002.89
0.0,SUCCESS,8,1002.8
0.01,SUCCESS,0,1002.81
0.05,SUCCESS,0,1002.85
0.1,SUCCESS,0,1002.89
0.12,SUCCESS,0,1002.89
0.25,SUCCESS,0,1002.89
0.0,SUCCESS,11,1002.8
0.01,SUCCESS,0,1002.81
0.05,SUCCESS,0,1002.85
0.1,SUCCESS,0,1002.89
0.12,SUCCESS,1,1002.89
0.25,SUCCESS,1,1002.89
0.0,SUCCESS,14,1002.8
0.01,SUCCESS,3,1002.81
0.05,SUCCESS,0,1002.85
0.1,SUCCESS,1,1002.89
0.12,SUCCESS,3,1002.89
0.25,SUCCESS,0,1002.89
0.0,SUCCESS,22,1002.8
0.01,SUCCESS,1,1002.81
0.05,SUCCESS,0,1002.85
0.1,SUCCESS,1,1002.89
0.12,SUCCESS,0,1002.89
0.25,SUCCESS,0,1002.89
0.0,SUCCESS,15,1002.8
0.01,SUCCESS,3,1002.81
0.05,SUCCESS,1,1002.85
0.1,SUCCESS,0,1002.89
0.12,TIMEOUT,51,
0.25,SUCCESS,1,1002.99
0.0,SUCCESS,25,1002.9
0.01,SUCCESS,0,1002.91
0.05,SUCCESS,4,1002.95
0.1,SUCCESS,1,1002.99
0.12,SUCCESS,5,1002.99
0.25,SUCCESS,3,1002.99
0.0,SUCCESS,11,1002.9
0.01,SUCCESS,2,1002.91
0.05,SUCCESS,0,1002.95
0.1,SUCCESS,0,1002.99
0.12,SUCCESS,2,1002.99
0.25,SUCCESS,0,1002.99
0.0,SUCCESS,17,1002.9
0.01,SUCCESS,0,1002.91
0.05,SUCCESS,3,1002.95
0.1,SUCCESS,3,1002.99
0.12,SUCCESS,1,1002.99
0.25,SUCCESS,1,1002.99
0.0,SUCCESS,6,1002.9
0.01,SUCCESS,1,1002.91
0.05,SUCCESS,2,1002.95
0.1,SUCCESS,1,1002.99
0.12,SUCCESS,3,1002.99
0.25,SUCCESS,2,1002.99
0.0,SUCCESS,5,1002.9
0.01,SUCCESS,0,1002.91
0.05,SUCCESS,3,1002.95
0.1,TIMEOUT,51,
0.12,SUCCESS,0,1003.19
0.25,SUCCESS,1,1003.19
0.0,SUCCESS,31,1003.1
0.01,SUCCESS,4,1003.11
0.05,SUCCESS,1,1003.15
0.1,SUCCESS,1,1003.19
0.12,SUCCESS,5,1003.19
0.25,SUCCESS,0,1003.19
0.0,SUCCESS,13,1003.1
0.01,SUCCESS,2,1003.11
0.05,SUCCESS,2,1003.15
0.1,SUCCESS,0,1003.19
0.12,SUCCESS,1,1003.19
0.25,SUCCESS,0,1003.19
0.0,SUCCESS,22,1003.1
0.01,SUCCESS,1,1003.11
0.05,SUCCESS,0,1003.15
0.1,SUCCESS,1,1003.19
0.12,SUCCESS,0,1003.19
0.25,SUCCESS,3,1003.19
0.0,SUCCESS,25,1003.1
0.01,SUCCESS,1,1003.11
0.05,SUCCESS,1,1003.15
0.1,SUCCESS,3,1003.19
0.12,SUCCESS,0,1003.19
0.25,SUCCESS,2,1003.19
0.0,SUCCESS,25,1003.1
0.01,SUCCESS,3,1003.11
0.05,SUCCESS,1,1003.15
0.1,SUCCESS,0,1003.19
0.12,SUCCESS,2,1003.19
0.25,SUCCESS,0,1003.19
0.0,SUCCESS,62,1003.3
0.01,SUCCESS,0,997.11
0.05,SUCCESS,1,996.35
0.1,SUCCESS,0,994.8
0.12,SUCCESS,1,994.22
0.25,SUCCESS,0,994.15
0.0,SUCCESS,1,993.8
0.01,SUCCESS,0,993.81
0.05,SUCCESS,2,993.85
0.1,SUCCESS,0,993.2
0.12,SUCCESS,1,993.19
0.25,SUCCESS,0,993.19
0.0,SUCCESS,1,993.1
0.01,SUCCESS,0,992.81
0.05,SUCCESS,0,992.35
0.1,SUCCESS,0,991.6
0.12,SUCCESS,0,989.52
0.25,SUCCESS,0,988.25
0.0,SUCCESS,0,987.6
0.01,SUCCESS,0,987.21
0.05,SUCCESS,1,986.65
0.1,SUCCESS,1,986.19
0.12,SUCCESS,0,985.62
0.25,SUCCESS,0,984.85
0.0,TIMEOUT,51,
0.01,SUCCESS,0,1001.01
0.05,SUCCESS,0,1001.05
0.1,SUCCESS,1,1001.09
0.12,SUCCESS,0,1001.09
0.25,SUCCESS,0,1001.09
0.0,SUCCESS,21,1001.0
0.01,SUCCESS,1,1001.01
0.05,SUCCESS,2,1001.05
0.1,SUCCESS,0,1001.09
0.12,SUCCESS,0,1001.09
0.25,SUCCESS,2,1001.09
0.0,SUCCESS,22,1001.0
0.01,SUCCESS,1,1001.01
0.05,SUCCESS,3,1001.05
0.1,SUCCESS,1,1001.09
0.12,SUCCESS,2,1001.09
0.25,SUCCESS,3,1001.09
0.0,SUCCESS,17,1001.0
0.01,SUCCESS,2,1001.01
0.05,SUCCESS,0,1001.05
0.1,SUCCESS,1,1001.09
0.12,TIMEOUT,51,
0.25,SUCCESS,0,1001.29
0.0,SUCCESS,27,1001.2
0.01,SUCCESS,0,1001.21
0.05,SUCCESS,3,1001.25
0.1,SUCCESS,1,1001.29
0.12,SUCCESS,3,1001.29
0.25,SUCCESS,0,1001.29
0.0,SUCCESS,23,1001.2
0.01,SUCCESS,0,1001.21
0.05,SUCCESS,3,1001.25
0.1,SUCCESS,0,1001.29
0.12,SUCCESS,1,1001.29
0.25,SUCCESS,1,1001.29
0.0,SUCCESS,8,1001.2
0.01,SUCCESS,8,1001.21
0.05,TIMEOUT,51,
0.1,SUCCESS,0,1001.39
0.12,SUCCESS,0,1001.39
0.25,SUCCESS,2,1001.39
0.0,SUCCESS,24,1001.3
0.01,SUCCESS,1,1001.31
0.05,SUCCESS,2,1001.35
0.1,SUCCESS,0,1001.39
0.12,SUCCESS,2,1001.39
0.25,SUCCESS,0,1001.39
0.0,SUCCESS,22,1001.3
0.01,SUCCESS,0,1001.31
0.05,SUCCESS,1,1001.35
0.1,SUCCESS,0,1001.39
0.12,SUCCESS,1,1001.39
0.25,SUCCESS,1,1001.39
0.0,SUCCESS,13,1001.3
0.01,SUCCESS,6,1001.31
0.05,SUCCESS,2,1001.35
0.1,SUCCESS,1,1001.39
0.12,SUCCESS,0,1001.39
0.25,SUCCESS,1,1001.39
0.0,SUCCESS,9,1001.3
0.01,SUCCESS,0,1001.31
0.05,SUCCESS,3,1001.35
0.1,SUCCESS,1,1001.39
0.12,SUCCESS,1,1001.39
0.25,SUCCESS,0,1001.39
0.0,SUCCESS,26,1001.3
0.01,SUCCESS,5,1001.31
0.05,SUCCESS,2,1001.35
0.1,SUCCESS,1,1001.39
0.12,SUCCESS,1,1001.39
0.25,SUCCESS,0,1001.39
0.0,SUCCESS,10,1001.3
0.01,SUCCESS,1,1001.31
0.05,SUCCESS,0,1001.35
0.1,SUCCESS,1,1001.39
0.12,SUCCESS,0,1001.39
0.25,SUCCESS,0,1001.39
0.0,SUCCESS,11,1001.3
0.01,SUCCESS,1,1001.31
0.05,SUCCESS,8,1001.35
0.1,TIMEOUT,51,
0.12,SUCCESS,0,1001.49
0.25,SUCCESS,1,1001.49
0.0,SUCCESS,33,1001.4
0.01,SUCCESS,1,1001.41
0.05,SUCCESS,2,1001.45
0.1,SUCCESS,2,1001.49
0.12,SUCCESS,3,1001.49
0.25,SUCCESS,3,1001.49
0.0,SUCCESS,25,1001.4
0.01,SUCCESS,4,1001.41
0.05,SUCCESS,0,1001.45
0.1,SUCCESS,1,1001.49
0.12,SUCCESS,1,1001.49
0.25,SUCCESS,1,1001.49
0.0,SUCCESS,14,1001.4
0.01,SUCCESS,2,1001.41
0.05,SUCCESS,1,1001.45
0.1,SUCCESS,0,1001.49
0.12,SUCCESS,1,1001.49
0.25,SUCCESS,0,1001.49
0.0,SUCCESS,15,1001.4
0.01,SUCCESS,1,1001.41
0.05,SUCCESS,4,1001.45
0.1,SUCCESS,1,1001.49
0.12,SUCCESS,0,1001.49
0.25,SUCCESS,3,1001.49
0.0,SUCCESS,12,1001.4
0.01,SUCCESS,1,1001.41
0.05,SUCCESS,3,1001.45
0.1,SUCCESS,2,1001.49
0.12,SUCCESS,0,1001.49
0.25,SUCCESS,0,1001.49
0.0,SUCCESS,8,1001.5
0.01,SUCCESS,3,1001.51
0.05,SUCCESS,1,1001.55
0.1,SUCCESS,1,1001.59
0.12,SUCCESS,0,1001.59
0.25,SUCCESS,2,1001.59
0.0,SUCCESS,21,1001.5
0.01,SUCCESS,0,1001.51
0.05,SUCCESS,1,1001.55
0.1,SUCCESS,1,1001.59
0.12,SUCCESS,0,1001.59
0.25,SUCCESS,1,1001.59
0.0,SUCCESS,15,1001.5
0.01,SUCCESS,1,1001.51
0.05,SUCCESS,1,1001.55
0.1,SUCCESS,1,1001.59
0.12,SUCCESS,2,1001.59
0.25,SUCCESS,0,1001.59
0.0,SUCCESS,7,1001.5
0.01,SUCCESS,0,1001.51
0.05,SUCCESS,0,1001.55
0.1,SUCCESS,2,1001.59
0.12,SUCCESS,2,1001.59
0.25,SUCCESS,2,1001.59
0.0,SUCCESS,22,1001.5
0.01,SUCCESS,3,1001.51
0.05,SUCCESS,1,1001.55
0.1,SUCCESS,0,1001.59
0.12,SUCCESS,0,1001.59
0.25,SUCCESS,4,1001.59
0.0,SUCCESS,15,1001.5
0.01,SUCCESS,0,1001.51
0.05,SUCCESS,1,1001.55
0.1,SUCCESS,1,1001.59
0.12,SUCCESS,0,1001.59
0.25,SUCCESS,4,1001.59
0.0,SUCCESS,12,1001.5
0.01,SUCCESS,2,1001.51
0.05,SUCCESS,0,1001.55
0.1,SUCCESS,1,1001.59
0.12,SUCCESS,0,1001.59
0.25,SUCCESS,4,1001.59
0.0,SUCCESS,10,1001.5
0.01,SUCCESS,1,1001.51
0.05,SUCCESS,0,1001.55
0.1,SUCCESS,4,1001.59
0.12,SUCCESS,1,1001.59
0.25,SUCCESS,0,1001.59
0.0,SUCCESS,15,1001.5
0.01,SUCCESS,1,1001.51
0.05,SUCCESS,0,1001.55
0.1,SUCCESS,0,1001.59
0.12,SUCCESS,2,1001.59
0.25,SUCCESS,3,1001.59
0.0,SUCCESS,6,1001.5
0.01,SUCCESS,0,1001.51
0.05,SUCCESS,2,1001.55
0.1,SUCCESS,0,1001.59
0.12,SUCCESS,0,1001.59
0.25,SUCCESS,2,1001.59
0.0,SUCCESS,16,1001.5
0.01,SUCCESS,0,1001.51
0.05,SUCCESS,0,1001.55
0.1,SUCCESS,0,1001.59
0.12,SUCCESS,4,1001.59
0.25,SUCCESS,1,1001.59
0.0,SUCCESS,23,1001.5
0.01,SUCCESS,0,1001.51
0.05,SUCCESS,2,1001.55
0.1,SUCCESS,0,1001.59
0.12,SUCCESS,1,1001.59
0.25,SUCCESS,0,1001.59
0.0,SUCCESS,19,1001.5
0.01,SUCCESS,2,1001.51
0.05,SUCCESS,0,1001.55
0.1,SUCCESS,0,1001.59
0.12,SUCCESS,0,1001.59
0.25,SUCCESS,1,1001.59
0.0,SUCCESS,12,1001.5
0.01,SUCCESS,2,1001.51
0.05,SUCCESS,0,1001.55
0.1,SUCCESS,3,1001.59
0.12,SUCCESS,1,1001.59
0.25,SUCCESS,0,1001.59
0.0,SUCCESS,16,1001.5
0.01,SUCCESS,0,1001.51
0.05,SUCCESS,1,1001.55
0.1,SUCCESS,4,1001.59
0.12,TIMEOUT,51,
0.25,SUCCESS,1,1001.69
0.0,SUCCESS,22,1001.6
0.01,SUCCESS,2,1001.61
0.05,SUCCESS,4,1001.65
0.1,SUCCESS,2,1001.69
0.12,SUCCESS,0,1001.69
0.25,SUCCESS,0,1001.69
0.0,SUCCESS,9,1001.6
0.01,SUCCESS,3,1001.61
0.05,SUCCESS,0,1001.65
0.1,SUCCESS,1,1001.69
0.12,SUCCESS,6,1001.69
0.25,SUCCESS,2,1001.69
0.0,SUCCESS,20,1001.6
0.01,SUCCESS,4,1001.61
0.05,SUCCESS,5,1001.65
0.1,SUCCESS,0,1001.69
0.12,SUCCESS,5,1001.69
0.25,SUCCESS,2,1001.69
0.0,TIMEOUT,51,
0.01,SUCCESS,6,1001.81
0.05,SUCCESS,1,1001.85
0.1,SUCCESS,0,1001.89
0.12,TIMEOUT,51,
0.25,SUCCESS,0,1001.99
0.0,SUCCESS,23,1001.9
0.01,SUCCESS,4,1001.91
0.05,SUCCESS,0,1001.95
0.1,SUCCESS,0,1001.99
0.12,SUCCESS,1,1001.99
0.25,SUCCESS,1,1001.99
0.0,SUCCESS,9,1001.9
0.01,SUCCESS,1,1001.91
0.05,SUCCESS,0,1001.95
0.1,SUCCESS,0,1001.99
0.12,SUCCESS,1,1001.99
0.25,SUCCESS,0,1001.99
0.0,SUCCESS,9,1001.9
0.01,SUCCESS,2,1001.91
0.05,SUCCESS,1,1001.95
0.1,SUCCESS,1,1001.99
0.12,SUCCESS,0,1001.99
0.25,SUCCESS,1,1001.99
0.0,SUCCESS,6,1001.9
0.01,SUCCESS,0,1001.91
0.05,SUCCESS,2,1001.95
0.1,SUCCESS,3,1001.99
0.12,SUCCESS,1,1001.99
0.25,SUCCESS,1,1001.99
0.0,SUCCESS,13,1001.9
0.01,SUCCESS,1,1001.91
0.05,SUCCESS,4,1001.95
0.1,SUCCESS,0,1001.99
0.12,SUCCESS,3,1001.99
0.25,SUCCESS,0,1001.99
0.0,SUCCESS,5,1002.0
0.01,SUCCESS,6,1002.01
0.05,TIMEOUT,51,
0.1,SUCCESS,0,1002.19
0.12,SUCCESS,2,1002.19
0.25,SUCCESS,2,1002.19
0.0,SUCCESS,18,1002.1
0.01,SUCCESS,0,1002.11
0.05,SUCCESS,2,1002.15
0.1,SUCCESS,0,1002.19
0.12,SUCCESS,2,1002.19
0.25,SUCCESS,1,1002.19
0.0,SUCCESS,10,1002.1
0.01,SUCCESS,2,1002.11
0.05,SUCCESS,2,1002.15
0.1,SUCCESS,6,1002.19
0.12,TIMEOUT,51,
0.25,SUCCESS,1,1002.29
0.0,SUCCESS,22,1002.2
0.01,SUCCESS,0,1002.21
0.05,SUCCESS,1,1002.25
0.1,SUCCESS,2,1002.29
0.12,SUCCESS,1,1002.29
0.25,SUCCESS,4,1002.29
0.0,SUCCESS,8,1002.2
0.01,SUCCESS,0,1002.21
0.05,SUCCESS,1,1002.25
0.1,SUCCESS,0,1002.29
0.12,SUCCESS,0,1002.29
0.25,SUCCESS,5,1002.29
0.0,SUCCESS,6,1002.2
0.01,SUCCESS,0,1002.21
0.05,SUCCESS,2,1002.25
0.1,SUCCESS,3,1002.29
0.12,SUCCESS,0,1002.29
0.25,SUCCESS,0,1002.29
0.0,SUCCESS,10,1002.2
0.01,SUCCESS,0,1002.21
0.05,SUCCESS,0,1002.25
0.1,SUCCESS,0,1002.29
0.12,SUCCESS,2,1002.29
0.25,SUCCESS,2,1002.29
0.0,SUCCESS,8,1002.2
0.01,SUCCESS,0,1002.21
0.05,SUCCESS,2,1002.25
0.1,SUCCESS,1,1002.29
0.12,SUCCESS,2,1002.29
0.25,SUCCESS,0,1002.29
0.0,SUCCESS,11,1002.2
0.01,SUCCESS,2,1002.21
0.05,SUCCESS,3,1002.25
0.1,SUCCESS,1,1002.29
0.12,SUCCESS,3,1002.29
0.25,TIMEOUT,51,
0.0,SUCCESS,27,1002.3
0.01,SUCCESS,3,1002.31
0.05,SUCCESS,2,1002.35
0.1,SUCCESS,1,1002.39
0.12,SUCCESS,3,1002.39
0.25,SUCCESS,1,1002.39
0.0,SUCCESS,19,1002.3
0.01,SUCCESS,1,1002.31
0.05,SUCCESS,0,1002.35
0.1,SUCCESS,0,1002.39
0.12,SUCCESS,2,1002.39
0.25,TIMEOUT,51,
0.0,SUCCESS,38,1002.4
0.01,SUCCESS,4,1002.41
0.05,SUCCESS,1,1002.45
0.1,SUCCESS,0,1002.49
0.12,SUCCESS,6,1002.49
0.25,SUCCESS,2,1002.49
0.0,SUCCESS,16,1002.4
0.01,SUCCESS,2,1002.41
0.05,SUCCESS,0,1002.45
0.1,SUCCESS,1,1002.49
0.12,SUCCESS,2,1002.49
0.25,SUCCESS,2,1002.49
0.0,SUCCESS,13,1002.4
0.01,SUCCESS,0,1002.41
0.05,SUCCESS,7,1002.45
0.1,SUCCESS,6,1002.49
0.12,SUCCESS,1,1002.49
0.25,SUCCESS,1,1002.49
0.0,SUCCESS,8,1002.4
0.01,SUCCESS,0,1002.41
0.05,SUCCESS,4,1002.45
0.1,TIMEOUT,51,
0.12,SUCCESS,1,1002.89
0.25,SUCCESS,1,1002.89
0.0,SUCCESS,26,1002.8
0.01,SUCCESS,0,1002.81
0.05,SUCCESS,2,1002.85
0.1,SUCCESS,0,1002.89
0.12,SUCCESS,2,1002.89
0.25,SUCCESS,2,1002.89
0.0,SUCCESS,23,1002.8
0.01,SUCCESS,0,1002.81
0.05,SUCCESS,0,1002.85
0.1,SUCCESS,2,1002.89
0.12,SUCCESS,0,1002.89
0.25,SUCCESS,0,1002.89
0.0,SUCCESS,22,1002.8
0.01,SUCCESS,0,1002.81
0.05,SUCCESS,6,1002.85
0.1,SUCCESS,1,1002.89
0.12,SUCCESS,3,1002.89
0.25,SUCCESS,1,1002.89
0.0,SUCCESS,13,1002.8
0.01,SUCCESS,0,1002.81
0.05,SUCCESS,0,1002.85
0.1,SUCCESS,1,1002.89
0.12,SUCCESS,0,1002.89
0.25,SUCCESS,1,1002.89
0.0,SUCCESS,7,1002.8
0.01,SUCCESS,2,1002.81
0.05,SUCCESS,2,1002.85
0.1,SUCCESS,0,1002.89
0.12,SUCCESS,0,1002.89
0.25,SUCCESS,2,1002.89
0.0,SUCCESS,10,1002.8
0.01,SUCCESS,0,1002.81
0.05,SUCCESS,5,1002.85
0.1,SUCCESS,1,1002.89
0.12,SUCCESS,1,1002.89
0.25,SUCCESS,0,1002.89
0.0,SUCCESS,6,1002.8
0.01,SUCCESS,0,1002.81
0.05,SUCCESS,0,1002.85
0.1,SUCCESS,1,1002.89
0.12,SUCCESS,1,1002.89
0.25,SUCCESS,0,1002.89
0.0,SUCCESS,3,1002.8
0.01,SUCCESS,0,1002.81
0.05,SUCCESS,1,1002.85
0.1,SUCCESS,0,1002.89
0.12,SUCCESS,1,1002.89
0.25,SUCCESS,2,1002.89
0.0,SUCCESS,3,1002.6
0.01,SUCCESS,0,1002.61
0.05,SUCCESS,5,1002.65
0.1,SUCCESS,1,1002.69
0.12,SUCCESS,1,1002.69
0.25,TIMEOUT,51,
0.0,SUCCESS,26,1002.8
0.01,SUCCESS,2,1002.81
0.05,SUCCESS,1,1002.85
0.1,SUCCESS,1,1002.89
0.12,SUCCESS,2,1002.89
0.25,SUCCESS,0,1002.89
0.0,SUCCESS,17,1002.8
0.01,SUCCESS,4,1002.81
0.05,SUCCESS,1,1002.85
0.1,SUCCESS,0,1002.89
0.12,SUCCESS,0,1002.89
0.25,SUCCESS,0,1002.89
0.0,SUCCESS,13,1002.8
0.01,SUCCESS,0,1002.81
0.05,SUCCESS,0,1002.85
0.1,SUCCESS,0,1002.89
0.12,SUCCESS,0,1002.89
0.25,SUCCESS,6,1002.89
0.0,SUCCESS,8,1002.8
0.01,SUCCESS,2,1002.81
0.05,SUCCESS,1,1002.85
0.1,SUCCESS,0,1002.89
0.12,SUCCESS,0,1002.89
0.25,SUCCESS,2,1002.89
0.0,SUCCESS,17,1002.8
0.01,SUCCESS,3,1002.81
0.05,SUCCESS,0,1002.85
0.1,SUCCESS,0,1002.89
0.12,SUCCESS,1,1002.89
0.25,SUCCESS,0,1002.89
0.0,SUCCESS,20,1002.8
0.01,SUCCESS,1,1002.81
0.05,SUCCESS,1,1002.85
0.1,SUCCESS,1,1002.89
0.12,SUCCESS,0,1002.89
0.25,SUCCESS,1,1002.89
0.0,SUCCESS,18,1002.8
0.01,SUCCESS,2,1002.81
0.05,SUCCESS,1,1002.85
0.1,SUCCESS,0,1002.89
0.12,SUCCESS,3,1002.89
0.25,SUCCESS,2,1002.89
0.0,SUCCESS,18,1002.8
0.01,SUCCESS,0,1002.81
0.05,SUCCESS,4,1002.85
0.1,SUCCESS,1,1002.89
0.12,SUCCESS,2,1002.89
0.25,SUCCESS,0,1002.89
0.0,SUCCESS,11,1002.8
0.01,SUCCESS,0,1002.81
0.05,SUCCESS,2,1002.85
0.1,SUCCESS,0,1002.89
0.12,SUCCESS,0,1002.89
0.25,SUCCESS,0,1002.89
0.0,SUCCESS,12,1002.8
0.01,SUCCESS,0,1002.81
0.05,SUCCESS,0,1002.85
0.1,SUCCESS,2,1002.89
0.12,SUCCESS,0,1002.89
0.25,SUCCESS,1,1002.89
0.0,SUCCESS,11,1002.8
0.01,SUCCESS,1,1002.81
0.05,SUCCESS,4,1002.85
0.1,SUCCESS,2,1002.89
0.12,SUCCESS,0,1002.89
0.25,SUCCESS,0,1002.89
0.0,SUCCESS,12,1002.8
0.01,SUCCESS,2,1002.81
0.05,SUCCESS,0,1002.85
0.1,SUCCESS,0,1002.89
0.12,SUCCESS,0,1002.89
0.25,SUCCESS,0,1002.89
0.0,SUCCESS,15,1002.8
0.01,SUCCESS,1,1002.81
0.05,SUCCESS,1,1002.85
0.1,SUCCESS,4,1002.89
0.12,SUCCESS,0,1002.89
0.25,SUCCESS,1,1002.89
0.0,SUCCESS,16,1002.8
0.01,SUCCESS,3,1002.81
0.05,SUCCESS,0,1002.85
0.1,SUCCESS,1,1002.89
0.12,SUCCESS,1,1002.89
0.25,SUCCESS,0,1002.89
0.0,SUCCESS,13,1002.8
0.01,SUCCESS,1,1002.81
0.05,SUCCESS,1,1002.85
0.1,SUCCESS,0,1002.89
0.12,SUCCESS,1,1002.89
0.25,SUCCESS,0,1002.89
0.0,SUCCESS,16,1002.8
0.01,SUCCESS,1,1002.81
0.05,SUCCESS,1,1002.85
0.1,SUCCESS,1,1002.89
0.12,SUCCESS,2,1002.89
0.25,SUCCESS,0,1002.89
0.0,SUCCESS,13,1002.8
0.01,SUCCESS,2,1002.81
0.05,SUCCESS,3,1002.85
0.1,SUCCESS,2,1002.89
0.12,SUCCESS,1,1002.89
0.25,TIMEOUT,51,
0.0,SUCCESS,27,1003.7
0.01,SUCCESS,1,1003.71
0.05,SUCCESS,0,1003.75
0.1,SUCCESS,1,1003.79
0.12,SUCCESS,1,1003.79
0.25,SUCCESS,2,1003.79
0.0,SUCCESS,14,1003.7
0.01,SUCCESS,5,1003.71
0.05,SUCCESS,0,1003.75
0.1,SUCCESS,1,1003.79
0.12,SUCCESS,0,1003.79
0.25,SUCCESS,0,1003.79
0.0,SUCCESS,27,1003.7
0.01,SUCCESS,2,1003.71
0.05,SUCCESS,0,1003.75
0.1,SUCCESS,2,1003.79
0.12,SUCCESS,0,1003.79
0.25,SUCCESS,0,1003.79
0.0,SUCCESS,18,1003.7
0.01,SUCCESS,0,1003.71
0.05,SUCCESS,6,1003.75
0.1,TIMEOUT,51,
0.12,SUCCESS,0,1004.29
0.25,SUCCESS,2,1004.29
0.0,SUCCESS,23,1004.2
0.01,SUCCESS,0,1004.21
0.05,SUCCESS,1,1004.25
0.1,SUCCESS,0,1004.29
0.12,SUCCESS,1,1004.29
0.25,TIMEOUT,51,
0.0,SUCCESS,27,1004.3
0.01,SUCCESS,2,1004.31
0.05,SUCCESS,1,1004.35
0.1,SUCCESS,1,1004.39
0.12,SUCCESS,3,1004.39
0.25,SUCCESS,1,1004.39
0.0,SUCCESS,20,1004.3
0.01,SUCCESS,1,1004.31
0.05,SUCCESS,2,1004.35
0.1,SUCCESS,1,1004.39
0.12,SUCCESS,1,1004.39
0.25,SUCCESS,0,1004.39
0.0,SUCCESS,25,1004.3
0.01,SUCCESS,2,1004.31
0.05,SUCCESS,2,1004.35
0.1,SUCCESS,3,1004.39
0.12,SUCCESS,3,1004.39
0.25,SUCCESS,1,1004.39
0.0,SUCCESS,7,1004.3
0.01,SUCCESS,0,1004.31
0.05,SUCCESS,0,1004.35
0.1,SUCCESS,0,1004.39
0.12,SUCCESS,4,1004.39
0.25,SUCCESS,2,1004.39
0.0,SUCCESS,2,1004.3
0.01,SUCCESS,1,1004.31
0.05,SUCCESS,1,1004.35
0.1,SUCCESS,2,1004.39
0.12,TIMEOUT,51,
0.25,SUCCESS,1,1004.69
0.0,SUCCESS,19,1004.6
0.01,SUCCESS,1,1004.61
0.05,SUCCESS,1,1004.65
0.1,SUCCESS,0,1004.69
0.12,SUCCESS,0,1004.69
0.25,SUCCESS,0,1004.69
0.0,SUCCESS,20,1004.6
0.01,SUCCESS,0,1004.61
0.05,SUCCESS,0,1004.65
0.1,SUCCESS,2,1004.69
0.12,SUCCESS,5,1004.69
0.25,TIMEOUT,51,
0.0,SUCCESS,26,1004.7
0.01,SUCCESS,0,1004.71
0.05,SUCCESS,2,1004.75
0.1,SUCCESS,4,1004.79
0.12,SUCCESS,3,1004.79
0.25,SUCCESS,2,1004.79
0.0,SUCCESS,27,1004.7
0.01,SUCCESS,2,1004.71
0.05,SUCCESS,7,1004.75
0.1,TIMEOUT,51,
0.12,SUCCESS,2,1004.99
0.25,SUCCESS,0,1004.99
0.0,SUCCESS,24,1004.9
0.01,SUCCESS,0,1004.91
0.05,SUCCESS,0,1004.95
0.1,SUCCESS,8,1004.99
0.12,SUCCESS,0,1004.99
0.25,SUCCESS,0,1004.99
0.0,SUCCESS,14,1004.9
0.01,SUCCESS,3,1004.91
0.05,SUCCESS,1,1004.95
0.1,SUCCESS,2,1004.99
0.12,SUCCESS,0,1004.99
0.25,SUCCESS,1,1004.99
0.0,SUCCESS,9,1004.9
0.01,SUCCESS,6,1004.91
0.05,SUCCESS,0,1004.95
0.1,SUCCESS,3,1004.99
0.12,SUCCESS,1,1004.99
0.25,SUCCESS,2,1004.99
0.0,SUCCESS,6,1004.9
0.01,SUCCESS,0,1004.91
0.05,SUCCESS,0,1004.95
0.1,SUCCESS,2,1004.99
0.12,TIMEOUT,51,
0.25,SUCCESS,0,1005.19
0.0,SUCCESS,33,1005.1
0.01,SUCCESS,1,1005.11
0.05,SUCCESS,1,1005.15
0.1,SUCCESS,3,1005.19
0.12,TIMEOUT,51,
0.25,SUCCESS,1,1005.69
0.0,SUCCESS,21,1005.6
0.01,SUCCESS,0,1005.61
0.05,SUCCESS,1,1005.65
0.1,SUCCESS,3,1005.69
0.12,SUCCESS,0,1005.69
0.25,TIMEOUT,51,
0.0,SUCCESS,31,1005.9
0.01,SUCCESS,2,1005.91
0.05,SUCCESS,0,1005.95
0.1,SUCCESS,1,1005.99
0.12,SUCCESS,2,1005.99
0.25,SUCCESS,0,1005.99
0.0,SUCCESS,11,1005.9
0.01,SUCCESS,1,1005.91
0.05,SUCCESS,3,1005.95
0.1,SUCCESS,2,1005.99
0.12,TIMEOUT,51,
0.25,SUCCESS,0,1006.09
0.0,SUCCESS,22,1006.0
0.01,SUCCESS,1,1006.01
0.05,SUCCESS,2,1006.05
0.1,SUCCESS,0,1006.09
0.12,SUCCESS,0,1006.09
0.25,SUCCESS,2,1006.09
0.0,SUCCESS,15,1006.0
0.01,SUCCESS,1,1006.01
0.05,SUCCESS,2,1006.05
0.1,SUCCESS,2,1006.09
0.12,SUCCESS,1,1006.09
0.25,SUCCESS,0,1006.09
0.0,SUCCESS,11,1006.0
0.01,SUCCESS,0,1006.01
0.05,SUCCESS,2,1006.05
0.1,SUCCESS,1,1006.09
0.12,SUCCESS,0,1006.09
0.25,SUCCESS,1,1006.09
0.0,SUCCESS,16,1006.0
0.01,SUCCESS,0,1006.01
0.05,SUCCESS,1,1006.05
0.1,SUCCESS,0,1006.09
0.12,SUCCESS,0,1006.09
0.25,SUCCESS,2,1006.09
0.0,SUCCESS,12,1006.0
0.01,SUCCESS,0,1006.01
0.05,SUCCESS,0,1006.05
0.1,SUCCESS,0,1006.09
0.12,SUCCESS,1,1006.09
0.25,SUCCESS,5,1006.09
0.0,SUCCESS,10,1006.0
0.01,SUCCESS,1,1006.01
0.05,SUCCESS,0,1006.05
0.1,SUCCESS,4,1006.09
0.12,SUCCESS,5,1006.09
0.25,SUCCESS,1,1006.09
0.0,SUCCESS,2,1006.0
0.01,SUCCESS,0,1006.01
0.05,SUCCESS,0,1006.05
0.1,SUCCESS,1,1006.09
0.12,SUCCESS,1,1006.09
0.25,SUCCESS,0,1006.09
0.0,SUCCESS,1,1005.7
0.01,SUCCESS,0,1005.71
0.05,SUCCESS,0,1005.75
0.1,SUCCESS,0,1005.79
0.12,SUCCESS,2,1005.79
0.25,SUCCESS,2,1005.69
0.0,SUCCESS,5,1005.5
0.01,SUCCESS,0,1005.51
0.05,SUCCESS,0,1005.55
0.1,SUCCESS,0,1005.59
0.12,SUCCESS,0,1005.59
0.25,SUCCESS,0,1005.59
0.0,SUCCESS,7,1005.5
0.01,SUCCESS,2,1005.51
0.05,SUCCESS,0,1005.55
0.1,SUCCESS,0,1005.59
0.12,TIMEOUT,51,
0.25,SUCCESS,0,1005.89
0.0,SUCCESS,21,1005.8
0.01,SUCCESS,2,1005.81
0.05,SUCCESS,0,1005.85
0.1,SUCCESS,0,1005.89
0.12,SUCCESS,2,1005.89
0.25,SUCCESS,1,1005.89
0.0,SUCCESS,16,1005.8
0.01,SUCCESS,1,1005.81
0.05,SUCCESS,6,1005.85
0.1,SUCCESS,2,1005.89
0.12,SUCCESS,0,1005.89
0.25,SUCCESS,1,1005.89
0.0,SUCCESS,10,1005.8
0.01,SUCCESS,0,1005.81
0.05,SUCCESS,1,1005.85
0.1,SUCCESS,2,1005.89
0.12,SUCCESS,1,1005.89
0.25,SUCCESS,2,1005.89
0.0,SUCCESS,9,1005.8
0.01,SUCCESS,1,1005.81
0.05,SUCCESS,1,1005.85
0.1,SUCCESS,2,1005.89
0.12,SUCCESS,1,1005.89
0.25,SUCCESS,0,1005.89
0.0,SUCCESS,7,1005.8
0.01,SUCCESS,0,1005.81
0.05,SUCCESS,0,1005.85
0.1,SUCCESS,1,1005.89
0.12,SUCCESS,0,1005.89
0.25,SUCCESS,3,1005.89
0.0,SUCCESS,12,1005.8
0.01,SUCCESS,1,1005.81
0.05,SUCCESS,0,1005.85
0.1,SUCCESS,1,1005.89
0.12,SUCCESS,0,1005.89
0.25,SUCCESS,0,1005.89
0.0,SUCCESS,13,1005.8
0.01,SUCCESS,0,1005.81
0.05,SUCCESS,0,1005.85
0.1,SUCCESS,1,1005.89
0.12,SUCCESS,0,1005.89
0.25,SUCCESS,1,1005.89
0.0,SUCCESS,19,1005.8
0.01,SUCCESS,0,1005.81
0.05,SUCCESS,0,1005.85
0.1,SUCCESS,2,1005.89
0.12,SUCCESS,3,1005.89
0.25,SUCCESS,0,1005.89
0.0,SUCCESS,15,1005.8
0.01,SUCCESS,1,1005.81
0.05,SUCCESS,2,1005.85
0.1,SUCCESS,0,1005.89
0.12,SUCCESS,0,1005.89
0.25,SUCCESS,9,1005.89
0.0,SUCCESS,11,1005.8
0.01,SUCCESS,1,1005.81
0.05,SUCCESS,2,1005.85
0.1,SUCCESS,2,1005.89
0.12,TIMEOUT,51,
0.25,SUCCESS,1,1006.09
0.0,SUCCESS,23,1006.0
0.01,SUCCESS,2,1006.01
0.05,SUCCESS,0,1006.05
0.1,SUCCESS,0,1006.09
0.12,SUCCESS,0,1006.09
0.25,SUCCESS,1,1006.09
0.0,SUCCESS,13,1006.0
0.01,SUCCESS,1,1006.01
0.05,SUCCESS,0,1006.05
0.1,SUCCESS,0,1006.09
0.12,SUCCESS,0,1006.09
0.25,SUCCESS,0,1006.09
0.0,SUCCESS,6,1006.0
0.01,SUCCESS,0,1006.01
0.05,SUCCESS,1,1006.05
0.1,SUCCESS,4,1006.09
0.12,SUCCESS,0,1006.09
0.25,SUCCESS,2,1006.09
0.0,SUCCESS,6,1006.0
0.01,SUCCESS,3,1006.01
0.05,SUCCESS,1,1006.05
0.1,SUCCESS,1,1006.09
0.12,SUCCESS,0,1006.09
0.25,SUCCESS,2,1006.09
0.0,SUCCESS,3,1006.0
0.01,SUCCESS,2,1006.01
0.05,SUCCESS,0,1006.05
0.1,TIMEOUT,51,
0.12,SUCCESS,0,1006.29
0.25,SUCCESS,1,1006.29
0.0,SUCCESS,32,1006.2
0.01,SUCCESS,0,1006.21
0.05,SUCCESS,0,1006.25
0.1,SUCCESS,6,1006.29
0.12,SUCCESS,0,1006.29
0.25,SUCCESS,1,1006.29
0.0,SUCCESS,23,1006.2
0.01,SUCCESS,1,1006.21
0.05,SUCCESS,2,1006.25
0.1,SUCCESS,0,1006.29
0.12,SUCCESS,0,1006.29
0.25,SUCCESS,0,1006.29
0.0,SUCCESS,11,1006.2
0.01,SUCCESS,1,1006.21
0.05,SUCCESS,2,1006.25
0.1,SUCCESS,2,1006.29
0.12,SUCCESS,3,1006.29
0.25,SUCCESS,3,1006.29
0.0,SUCCESS,2,1006.2
0.01,SUCCESS,3,1006.21
0.05,SUCCESS,4,1006.25
0.1,SUCCESS,1,1006.29
0.12,SUCCESS,1,1006.29
0.25,SUCCESS,1,1006.29
0.0,SUCCESS,3,1006.2
0.01,SUCCESS,4,1006.21
0.05,SUCCESS,1,1006.25
0.1,SUCCESS,2,1006.29
0.12,SUCCESS,2,1006.29
0.25,SUCCESS,1,1006.29
0.0,SUCCESS,9,1006.2
0.01,SUCCESS,1,1006.21
0.05,SUCCESS,0,1006.25
0.1,SUCCESS,1,1006.29
0.12,SUCCESS,2,1006.29
0.25,SUCCESS,1,1006.29
0.0,SUCCESS,5,1006.2
0.01,SUCCESS,0,1006.21
0.05,SUCCESS,0,1006.25
0.1,SUCCESS,1,1006.29
0.12,SUCCESS,0,1006.29
0.25,SUCCESS,0,1006.29
0.0,SUCCESS,22,1006.2
0.01,SUCCESS,1,1006.21
0.05,SUCCESS,0,1006.25
0.1,SUCCESS,0,1006.29
0.12,SUCCESS,0,1006.29
0.25,SUCCESS,0,1006.29
0.0,SUCCESS,18,1006.2
0.01,SUCCESS,6,1006.21
0.05,SUCCESS,2,1006.25
0.1,SUCCESS,5,1006.29
0.12,SUCCESS,0,1006.29
0.25,SUCCESS,1,1006.29
0.0,SUCCESS,6,1006.2
0.01,SUCCESS,1,1006.21
0.05,SUCCESS,0,1006.25
0.1,SUCCESS,2,1006.29
0.12,SUCCESS,1,1006.29
0.25,SUCCESS,2,1006.29
0.0,SUCCESS,12,1006.2
0.01,SUCCESS,1,1006.21
0.05,SUCCESS,1,1006.25
0.1,SUCCESS,0,1006.29
0.12,SUCCESS,1,1006.29
0.25,SUCCESS,1,1006.29
0.0,SUCCESS,15,1006.2
0.01,SUCCESS,3,1006.21
0.05,SUCCESS,0,1006.25
0.1,SUCCESS,5,1006.29
0.12,SUCCESS,2,1006.29
0.25,SUCCESS,1,1006.29
0.0,SUCCESS,17,1006.2
0.01,SUCCESS,4,1006.21
0.05,SUCCESS,3,1006.25
0.1,SUCCESS,1,1006.29
0.12,SUCCESS,2,1006.29
0.25,SUCCESS,1,1006.29
0.0,SUCCESS,10,1006.2
0.01,SUCCESS,0,1006.21
0.05,SUCCESS,1,1006.25
0.1,SUCCESS,1,1006.29
0.12,SUCCESS,3,1006.29
0.25,SUCCESS,1,1006.29
0.0,SUCCESS,12,1006.2
0.01,SUCCESS,0,1006.21
0.05,SUCCESS,4,1006.25
0.1,SUCCESS,1,1006.29
0.12,SUCCESS,1,1006.29
0.25,SUCCESS,9,1006.29
0.0,SUCCESS,6,1006.2
0.01,SUCCESS,0,1006.21
0.05,SUCCESS,0,1006.25
0.1,SUCCESS,2,1006.29
0.12,SUCCESS,0,1006.29
0.25,SUCCESS,1,1006.29
0.0,SUCCESS,16,1006.2
0.01,SUCCESS,0,1006.21
0.05,SUCCESS,0,1006.25
0.1,SUCCESS,2,1006.29
0.12,SUCCESS,0,1006.29
0.25,SUCCESS,0,1006.29
0.0,SUCCESS,20,1006.2
0.01,SUCCESS,0,1006.21
0.05,SUCCESS,0,1006.25
0.1,SUCCESS,3,1006.29
0.12,SUCCESS,1,1006.29
0.25,SUCCESS,2,1006.29
0.0,SUCCESS,14,1006.2
0.01,SUCCESS,2,1006.21
0.05,SUCCESS,0,1006.25
0.1,SUCCESS,1,1006.29
0.12,SUCCESS,0,1006.29
0.25,SUCCESS,2,1006.29
0.0,SUCCESS,14,1006.2
0.01,SUCCESS,1,1006.21
0.05,SUCCESS,0,1006.25
0.1,SUCCESS,0,1006.29
0.12,SUCCESS,0,1006.29
0.25,SUCCESS,0,1006.29
0.0,SUCCESS,1,1006.2
0.01,SUCCESS,0,1006.21
0.05,SUCCESS,0,1006.25
0.1,SUCCESS,2,1006.29
0.12,SUCCESS,2,1006.29
0.25,SUCCESS,1,1006.29
0.0,SUCCESS,8,1006.2
0.01,SUCCESS,0,1006.21
0.05,SUCCESS,0,1006.25
0.1,SUCCESS,6,1006.29
0.12,SUCCESS,3,1006.29
0.25,SUCCESS,2,1006.29
0.0,SUCCESS,7,1006.2
0.01,SUCCESS,1,1006.21
0.05,SUCCESS,0,1006.25
0.1,SUCCESS,3,1006.29
0.12,SUCCESS,0,1006.29
0.25,SUCCESS,0,1006.29
0.0,SUCCESS,9,1006.2
0.01,SUCCESS,4,1006.21
0.05,SUCCESS,0,1006.25
0.1,SUCCESS,0,1006.29
0.12,SUCCESS,3,1006.29
0.25,SUCCESS,0,1006.29
0.0,SUCCESS,7,1006.2
0.01,SUCCESS,0,1006.21
0.05,SUCCESS,5,1006.25
0.1,SUCCESS,0,1006.29
0.12,SUCCESS,0,1006.29
0.25,SUCCESS,0,1006.29
0.0,SUCCESS,5,1006.2
0.01,SUCCESS,0,1006.21
0.05,SUCCESS,2,1006.25
0.1,SUCCESS,1,1006.29
0.12,SUCCESS,0,1006.29
0.25,SUCCESS,5,1006.29
0.0,SUCCESS,15,1006.2
0.01,SUCCESS,3,1006.21
0.05,SUCCESS,1,1006.25
0.1,SUCCESS,2,1006.29
0.12,SUCCESS,0,1006.29
0.25,SUCCESS,0,1006.29
0.0,SUCCESS,8,1006.2
0.01,SUCCESS,0,1006.21
0.05,SUCCESS,3,1006.25
0.1,SUCCESS,1,1006.29
0.12,SUCCESS,0,1006.29
0.25,SUCCESS,2,1006.29
0.0,SUCCESS,16,1006.2
0.01,SUCCESS,1,1006.21
0.05,SUCCESS,1,1006.25
0.1,SUCCESS,4,1006.29
0.12,TIMEOUT,51,
0.25,SUCCESS,2,1006.39
0.0,SUCCESS,24,1006.3
0.01,SUCCESS,3,1006.31
0.05,SUCCESS,1,1006.35
0.1,SUCCESS,0,1006.39
0.12,SUCCESS,3,1006.39
0.25,SUCCESS,0,1006.39
0.0,SUCCESS,27,1006.3
0.01,SUCCESS,1,1006.31
0.05,SUCCESS,1,1006.35
0.1,SUCCESS,3,1006.39
0.12,SUCCESS,1,1006.39
0.25,SUCCESS,1,1006.39
0.0,SUCCESS,13,1006.3
0.01,SUCCESS,1,1006.31
0.05,SUCCESS,0,1006.35
0.1,SUCCESS,5,1006.39
0.12,SUCCESS,3,1006.39
0.25,SUCCESS,1,1006.39
0.0,SUCCESS,8,1006.3
0.01,SUCCESS,0,1006.31
0.05,SUCCESS,3,1006.35
0.1,SUCCESS,0,1006.39
0.12,SUCCESS,1,1006.39
0.25,SUCCESS,1,1006.39
0.0,SUCCESS,6,1006.3
0.01,SUCCESS,2,1006.31
0.05,SUCCESS,5,1006.35
0.1,SUCCESS,1,1006.39
0.12,SUCCESS,0,1006.39
0.25,SUCCESS,0,1006.39
0.0,SUCCESS,4,1006.3
0.01,SUCCESS,1,1006.31
0.05,SUCCESS,5,1006.35
0.1,TIMEOUT,51,
0.12,SUCCESS,0,1006.59
0.25,SUCCESS,1,1006.59
0.0,SUCCESS,27,1006.5
0.01,SUCCESS,0,1006.51
0.05,SUCCESS,3,1006.55
0.1,SUCCESS,3,1006.59
0.12,SUCCESS,0,1006.59
0.25,SUCCESS,0,1006.59
0.0,SUCCESS,10,1006.5
0.01,SUCCESS,3,1006.51
0.05,SUCCESS,1,1006.55
0.1,SUCCESS,2,1006.59
0.12,SUCCESS,6,1006.59
0.25,SUCCESS,1,1006.59
0.0,SUCCESS,14,1006.5
0.01,SUCCESS,0,1006.51
0.05,SUCCESS,0,1006.55
0.1,SUCCESS,4,1006.59
0.12,TIMEOUT,51,
0.25,SUCCESS,0,1006.79
0.0,SUCCESS,20,1006.7
0.01,SUCCESS,4,1006.71
0.05,SUCCESS,4,1006.75
0.1,SUCCESS,0,1006.79
0.12,SUCCESS,0,1006.79
0.25,SUCCESS,0,1006.79
0.0,SUCCESS,13,1006.7
0.01,SUCCESS,0,1006.71
0.05,SUCCESS,2,1006.75
0.1,SUCCESS,0,1006.79
0.12,SUCCESS,1,1006.79
0.25,SUCCESS,0,1006.79
0.0,SUCCESS,18,1006.7
0.01,SUCCESS,0,1006.71
0.05,SUCCESS,3,1006.75
0.1,SUCCESS,3,1006.79
0.12,SUCCESS,1,1006.79
0.25,SUCCESS,0,1006.79
0.0,SUCCESS,13,1006.7
0.01,SUCCESS,1,1006.71
0.05,SUCCESS,1,1006.75
0.1,SUCCESS,0,1006.79
0.12,SUCCESS,0,1006.79
0.25,SUCCESS,1,1006.79
0.0,SUCCESS,12,1006.7
0.01,SUCCESS,0,1006.71
0.05,SUCCESS,1,1006.75
0.1,SUCCESS,0,1006.79
0.12,SUCCESS,1,1006.79
0.25,TIMEOUT,51,
0.0,SUCCESS,20,1007.0
0.01,SUCCESS,2,1007.01
0.05,SUCCESS,1,1007.05
0.1,SUCCESS,3,1007.09
0.12,SUCCESS,1,1007.09
0.25,SUCCESS,0,1007.09
0.0,SUCCESS,13,1007.0
0.01,SUCCESS,3,1007.01
0.05,SUCCESS,4,1007.05
0.1,SUCCESS,0,1007.09
0.12,SUCCESS,2,1007.09
0.25,TIMEOUT,51,
0.0,SUCCESS,22,1007.3
0.01,SUCCESS,1,1007.31
0.05,SUCCESS,3,1007.35
0.1,SUCCESS,1,1007.39
0.12,SUCCESS,0,1007.39
0.25,SUCCESS,1,1007.39
0.0,SUCCESS,11,1007.3
0.01,SUCCESS,0,1007.31
0.05,SUCCESS,1,1007.35
0.1,SUCCESS,1,1007.39
0.12,SUCCESS,0,1007.39
0.25,SUCCESS,1,1007.39
0.0,SUCCESS,7,1007.3
0.01,SUCCESS,2,1007.31
0.05,SUCCESS,4,1007.35
0.1,SUCCESS,1,1007.39
0.12,TIMEOUT,51,
0.25,SUCCESS,3,1007.79
0.0,SUCCESS,23,1007.7
0.01,SUCCESS,1,1007.71
0.05,SUCCESS,3,1007.75
0.1,SUCCESS,2,1007.79
0.12,SUCCESS,2,1007.79
0.25,SUCCESS,1,1007.79
0.0,SUCCESS,19,1007.7
0.01,SUCCESS,0,1007.71
0.05,SUCCESS,1,1007.75
0.1,SUCCESS,3,1007.79
0.12,SUCCESS,0,1007.79
0.25,SUCCESS,1,1007.79
0.0,SUCCESS,19,1007.7
0.01,SUCCESS,0,1007.71
0.05,SUCCESS,1,1007.75
0.1,SUCCESS,2,1007.79
0.12,SUCCESS,0,1007.79
0.25,SUCCESS,1,1007.79
0.0,SUCCESS,15,1007.7
0.01,SUCCESS,0,1007.71
0.05,SUCCESS,0,1007.75
0.1,SUCCESS,0,1007.79
0.12,SUCCESS,1,1007.79
0.25,SUCCESS,6,1007.79
0.0,SUCCESS,8,1007.7
0.01,SUCCESS,0,1007.71
0.05,SUCCESS,1,1007.75
0.1,SUCCESS,0,1007.79
0.12,SUCCESS,1,1007.79
0.25,SUCCESS,1,1007.79
0.0,SUCCESS,4,1007.7
0.01,SUCCESS,1,1007.71
0.05,SUCCESS,1,1007.75
0.1,SUCCESS,0,1007.79
0.12,SUCCESS,1,1007.79
0.25,SUCCESS,2,1007.79
0.0,SUCCESS,8,1007.7
0.01,SUCCESS,0,1007.71
0.05,SUCCESS,0,1007.75
0.1,SUCCESS,1,1007.79
0.12,SUCCESS,1,1007.79
0.25,SUCCESS,1,1007.79
0.0,SUCCESS,4,1007.7
0.01,SUCCESS,1,1007.71
0.05,SUCCESS,0,1007.75
0.1,SUCCESS,4,1007.79
0.12,SUCCESS,2,1007.79
0.25,SUCCESS,0,1007.79
0.0,SUCCESS,9,1007.7
0.01,SUCCESS,8,1007.71
0.05,SUCCESS,0,1007.75
0.1,SUCCESS,0,1007.79
0.12,SUCCESS,0,1007.79
0.25,SUCCESS,0,1007.79
0.0,SUCCESS,12,1007.7
0.01,SUCCESS,0,1007.71
0.05,SUCCESS,2,1007.75
0.1,SUCCESS,0,1007.79
0.12,SUCCESS,0,1007.79
0.25,SUCCESS,5,1007.79
0.0,SUCCESS,11,1007.7
0.01,SUCCESS,1,1007.71
0.05,SUCCESS,1,1007.75
0.1,SUCCESS,2,1007.79
0.12,SUCCESS,1,1007.79
0.25,SUCCESS,0,1007.79
0.0,SUCCESS,7,1007.7
0.01,SUCCESS,0,1007.71
0.05,SUCCESS,0,1007.75
0.1,SUCCESS,1,1007.79
0.12,SUCCESS,0,1007.79
0.25,SUCCESS,2,1007.79
0.0,SUCCESS,12,1007.7
0.01,SUCCESS,0,1007.71
0.05,SUCCESS,3,1007.75
0.1,SUCCESS,1,1007.79
0.12,SUCCESS,0,1007.79
0.25,SUCCESS,4,1007.79
0.0,SUCCESS,18,1007.7
0.01,SUCCESS,2,1007.71
0.05,SUCCESS,0,1007.75
0.1,SUCCESS,0,1007.79
0.12,SUCCESS,0,1007.79
0.25,SUCCESS,0,1007.79
0.0,SUCCESS,21,1007.7
0.01,SUCCESS,0,1007.71
0.05,SUCCESS,0,1007.75
0.1,SUCCESS,0,1007.79
0.12,SUCCESS,8,1007.79
0.25,SUCCESS,2,1007.79
0.0,SUCCESS,7,1007.7
0.01,SUCCESS,1,1007.71
0.05,SUCCESS,0,1007.75
0.1,SUCCESS,1,1007.79
0.12,SUCCESS,0,1007.79
0.25,SUCCESS,2,1007.79
0.0,SUCCESS,14,1007.7
0.01,SUCCESS,0,1007.71
0.05,SUCCESS,0,1007.75
0.1,SUCCESS,1,1007.79
0.12,SUCCESS,4,1007.79
0.25,SUCCESS,2,1007.79
0.0,SUCCESS,27,1007.7
0.01,SUCCESS,1,1007.71
0.05,SUCCESS,6,1007.75
0.1,SUCCESS,3,1007.79
0.12,SUCCESS,1,1007.79
0.25,SUCCESS,0,1007.79
0.0,SUCCESS,14,1007.7
0.01,SUCCESS,1,1007.71
0.05,SUCCESS,0,1007.75
0.1,SUCCESS,3,1007.79
0.12,SUCCESS,0,1007.79
0.25,SUCCESS,2,1007.79
0.0,SUCCESS,15,1007.7
0.01,SUCCESS,0,1007.71
0.05,SUCCESS,0,1007.75
0.1,SUCCESS,0,1007.79
0.12,SUCCESS,1,1007.79
0.25,SUCCESS,0,1007.79
0.0,SUCCESS,15,1007.7
0.01,SUCCESS,0,1007.71
0.05,SUCCESS,6,1007.75
0.1,SUCCESS,4,1007.79
0.12,SUCCESS,0,1007.79
0.25,SUCCESS,0,1007.79
0.0,SUCCESS,10,1007.7
0.01,SUCCESS,0,1007.71
0.05,SUCCESS,0,1007.75
0.1,SUCCESS,5,1007.79
0.12,SUCCESS,6,1007.79
0.25,SUCCESS,0,1007.79
0.0,SUCCESS,11,1007.7
0.01,SUCCESS,0,1007.71
0.05,SUCCESS,4,1007.75
0.1,SUCCESS,1,1007.79
0.12,SUCCESS,0,1007.79
0.25,SUCCESS,0,1007.79
0.0,SUCCESS,10,1007.7
0.01,SUCCESS,5,1007.71
0.05,SUCCESS,1,1007.75
0.1,SUCCESS,1,1007.79
0.12,SUCCESS,1,1007.79
0.25,SUCCESS,1,1007.79
0.0,SUCCESS,15,1007.7
0.01,SUCCESS,0,1007.71
0.05,SUCCESS,0,1007.75
0.1,SUCCESS,0,1007.79
0.12,SUCCESS,0,1007.79
0.25,SUCCESS,5,1007.79
0.0,SUCCESS,15,1007.7
0.01,SUCCESS,0,1007.71
0.05,SUCCESS,1,1007.75
0.1,SUCCESS,1,1007.79
0.12,SUCCESS,2,1007.79
0.25,SUCCESS,0,1007.79
0.0,SUCCESS,7,1007.7
0.01,SUCCESS,0,1007.71
0.05,SUCCESS,1,1007.75
0.1,SUCCESS,1,1007.79
0.12,SUCCESS,1,1007.79
0.25,SUCCESS,1,1007.79
0.0,SUCCESS,12,1007.7
0.01,SUCCESS,3,1007.71
0.05,SUCCESS,1,1007.75
0.1,SUCCESS,2,1007.79
0.12,SUCCESS,1,1007.79
0.25,SUCCESS,2,1007.79
0.0,SUCCESS,7,1007.7
0.01,SUCCESS,0,1007.71
0.05,SUCCESS,1,1007.75
0.1,SUCCESS,0,1007.79
0.12,SUCCESS,1,1007.79
0.25,SUCCESS,0,1007.79
0.0,SUCCESS,12,1007.7
0.01,SUCCESS,1,1007.71
0.05,SUCCESS,0,1007.75
0.1,SUCCESS,0,1007.79
0.12,SUCCESS,1,1007.79
0.25,SUCCESS,0,1007.79
0.0,SUCCESS,30,1007.7
0.01,SUCCESS,1,1007.71
0.05,SUCCESS,1,1007.75
0.1,SUCCESS,3,1007.79
0.12,SUCCESS,1,1007.79
0.25,SUCCESS,1,1007.79
0.0,SUCCESS,11,1007.7
0.01,SUCCESS,0,1007.71
0.05,SUCCESS,1,1007.75
0.1,SUCCESS,2,1007.79
0.12,SUCCESS,3,1007.79
0.25,SUCCESS,1,1007.79
0.0,SUCCESS,16,1007.7
0.01,SUCCESS,3,1007.71
0.05,SUCCESS,4,1007.75
0.1,SUCCESS,2,1007.79
0.12,SUCCESS,1,1007.79
0.25,SUCCESS,0,1007.79
0.0,SUCCESS,12,1007.7
0.01,SUCCESS,4,1007.71
0.05,SUCCESS,2,1007.75
0.1,SUCCESS,0,1007.79
0.12,SUCCESS,1,1007.79
0.25,SUCCESS,4,1007.79
0.0,SUCCESS,9,1007.7
0.01,SUCCESS,0,1007.71
0.05,SUCCESS,2,1007.75
0.1,SUCCESS,0,1007.79
0.12,SUCCESS,0,1007.79
0.25,SUCCESS,1,1007.79
0.0,SUCCESS,3,1007.7
0.01,SUCCESS,0,1007.71
0.05,SUCCESS,0,1007.75
0.1,SUCCESS,0,1007.79
0.12,SUCCESS,4,1007.79
0.25,SUCCESS,0,1007.69
0.0,SUCCESS,1,1007.7
0.01,SUCCESS,0,1007.71
0.05,SUCCESS,1,1007.75
0.1,SUCCESS,2,1007.79
0.12,TIMEOUT,51,
0.25,SUCCESS,3,1007.89
0.0,SUCCESS,30,1007.8
0.01,SUCCESS,1,1007.81
0.05,SUCCESS,1,1007.85
0.1,SUCCESS,1,1007.89
0.12,SUCCESS,2,1007.89
0.25,SUCCESS,1,1007.89
0.0,SUCCESS,20,1007.8
0.01,SUCCESS,1,1007.81
0.05,SUCCESS,0,1007.85
0.1,SUCCESS,2,1007.89
0.12,SUCCESS,0,1007.89
0.25,SUCCESS,0,1007.89
0.0,SUCCESS,10,1007.8
0.01,SUCCESS,2,1007.81
0.05,SUCCESS,1,1007.85
0.1,SUCCESS,4,1007.89
0.12,SUCCESS,1,1007.89
0.25,SUCCESS,0,1007.89
0.0,SUCCESS,13,1007.8
0.01,SUCCESS,1,1007.81
0.05,SUCCESS,0,1007.85
0.1,SUCCESS,3,1007.89
0.12,SUCCESS,0,1007.89
0.25,SUCCESS,1,1007.89
0.0,SUCCESS,10,1007.8
0.01,SUCCESS,0,1007.81
0.05,SUCCESS,4,1007.85
0.1,SUCCESS,1,1007.89
0.12,SUCCESS,1,1007.89
0.25,TIMEOUT,51,
0.0,SUCCESS,39,1007.9
0.01,SUCCESS,2,1007.91
0.05,SUCCESS,1,1007.95
0.1,SUCCESS,1,1007.99
0.12,SUCCESS,1,1007.99
0.25,SUCCESS,6,1007.99
0.0,SUCCESS,28,1007.9
0.01,SUCCESS,2,1007.91
0.05,SUCCESS,0,1007.95
0.1,SUCCESS,4,1007.99
0.12,SUCCESS,1,1007.99
0.25,SUCCESS,5,1007.99
0.0,SUCCESS,27,1007.9
0.01,SUCCESS,3,1007.91
0.05,SUCCESS,1,1007.95
0.1,SUCCESS,1,1007.99
0.12,SUCCESS,1,1007.99
0.25,SUCCESS,0,1007.99
0.0,SUCCESS,17,1007.9
0.01,SUCCESS,1,1007.91
0.05,SUCCESS,1,1007.95
0.1,SUCCESS,2,1007.99
0.12,SUCCESS,1,1007.99
0.25,TIMEOUT,51,
0.0,SUCCESS,24,1008.0
0.01,SUCCESS,1,1008.01
0.05,SUCCESS,2,1008.05
0.1,SUCCESS,0,1008.09
0.12,SUCCESS,0,1008.09
0.25,SUCCESS,0,1008.09
0.0,SUCCESS,28,1008.0
0.01,SUCCESS,6,1008.01
0.05,SUCCESS,2,1008.05
0.1,SUCCESS,1,1008.09
0.12,SUCCESS,0,1008.09
0.25,SUCCESS,1,1008.09
0.0,SUCCESS,21,1008.0
0.01,SUCCESS,0,1008.01
0.05,SUCCESS,0,1008.05
0.1,SUCCESS,4,1008.09
0.12,SUCCESS,2,1008.09
0.25,SUCCESS,4,1008.09
0.0,SUCCESS,10,1008.0
0.01,SUCCESS,3,1008.01
0.05,SUCCESS,1,1008.05
0.1,SUCCESS,2,1008.09
0.12,SUCCESS,1,1008.09
0.25,SUCCESS,0,1008.09
0.0,SUCCESS,10,1008.0
0.01,SUCCESS,5,1008.01
0.05,SUCCESS,1,1008.05
0.1,SUCCESS,3,1008.09
0.12,SUCCESS,0,1008.09
0.25,SUCCESS,3,1008.09
0.0,SUCCESS,8,1008.0
0.01,SUCCESS,0,1008.01
0.05,SUCCESS,1,1008.05
0.1,SUCCESS,5,1008.09
0.12,SUCCESS,0,1008.09
0.25,SUCCESS,1,1008.09
0.0,SUCCESS,15,1008.0
0.01,SUCCESS,0,1008.01
0.05,SUCCESS,3,1008.05
0.1,SUCCESS,3,1008.09
0.12,TIMEOUT,51,
0.25,SUCCESS,1,1008.19
0.0,SUCCESS,17,1008.1
0.01,SUCCESS,1,1008.11
0.05,SUCCESS,0,1008.15
0.1,SUCCESS,0,1008.19
0.12,SUCCESS,1,1008.19
0.25,SUCCESS,1,1008.19
0.0,SUCCESS,15,1008.1
0.01,SUCCESS,0,1008.11
0.05,SUCCESS,1,1008.15
0.1,SUCCESS,2,1008.19
0.12,SUCCESS,4,1008.19
0.25,SUCCESS,1,1008.19
0.0,SUCCESS,11,1008.1
0.01,SUCCESS,1,1008.11
0.05,SUCCESS,2,1008.15
0.1,SUCCESS,2,1008.19
0.12,SUCCESS,1,1008.19
0.25,SUCCESS,0,1008.19
0.0,SUCCESS,13,1008.1
0.01,SUCCESS,1,1008.11
0.05,SUCCESS,2,1008.15
0.1,SUCCESS,1,1008.19
0.12,SUCCESS,1,1008.19
0.25,SUCCESS,1,1008.19
0.0,SUCCESS,2,1008.1
0.01,SUCCESS,1,1008.11
0.05,SUCCESS,4,1008.15
0.1,SUCCESS,0,1008.19
0.12,SUCCESS,0,1008.19
0.25,TIMEOUT,51,
0.0,SUCCESS,29,1010.1
0.01,SUCCESS,0,1010.11
0.05,SUCCESS,4,1010.15
0.1,SUCCESS,2,1010.19
0.12,SUCCESS,2,1010.19
0.25,SUCCESS,1,1010.19
0.0,SUCCESS,18,1010.1
0.01,SUCCESS,0,1010.11
0.05,SUCCESS,1,1010.15
0.1,SUCCESS,0,1010.19
0.12,TIMEOUT,51,
0.25,SUCCESS,3,1010.29
0.0,SUCCESS,27,1010.2
0.01,SUCCESS,1,1010.21
0.05,SUCCESS,0,1010.25
0.1,SUCCESS,1,1010.29
0.12,SUCCESS,2,1010.29
0.25,SUCCESS,6,1010.29
0.0,SUCCESS,25,1010.2
0.01,SUCCESS,1,1010.21
0.05,SUCCESS,1,1010.25
0.1,SUCCESS,1,1010.29
0.12,SUCCESS,0,1010.29
0.25,SUCCESS,0,1010.29
0.0,SUCCESS,15,1010.2
0.01,SUCCESS,2,1010.21
0.05,SUCCESS,4,1010.25
0.1,SUCCESS,0,1010.29
0.12,SUCCESS,1,1010.29
0.25,SUCCESS,2,1010.29
0.0,SUCCESS,10,1010.2
0.01,SUCCESS,4,1010.21
0.05,SUCCESS,2,1010.25
0.1,SUCCESS,0,1010.29
0.12,SUCCESS,0,1010.29
0.25,SUCCESS,1,1010.29
0.0,SUCCESS,18,1010.2
0.01,SUCCESS,0,1010.21
0.05,SUCCESS,0,1010.25
0.1,SUCCESS,3,1010.29
0.12,SUCCESS,1,1010.29
0.25,SUCCESS,0,1010.29
0.0,SUCCESS,18,1010.2
0.01,SUCCESS,4,1010.21
0.05,SUCCESS,0,1010.25
0.1,SUCCESS,0,1010.29
0.12,SUCCESS,0,1010.29
0.25,SUCCESS,0,1010.29
0.0,SUCCESS,9,1010.2
0.01,SUCCESS,1,1010.21
0.05,SUCCESS,3,1010.25
0.1,SUCCESS,3,1010.29
0.12,SUCCESS,0,1010.29
0.25,SUCCESS,0,1010.29
0.0,SUCCESS,14,1010.2
0.01,SUCCESS,1,1010.21
0.05,SUCCESS,0,1010.25
0.1,SUCCESS,5,1010.29
0.12,SUCCESS,0,1010.29
0.25,SUCCESS,1,1010.29
0.0,SUCCESS,2,1010.2
0.01,SUCCESS,8,1010.21
0.05,SUCCESS,0,1010.25
0.1,SUCCESS,0,1010.29
0.12,SUCCESS,0,1010.29
0.25,SUCCESS,0,1010.29
0.0,SUCCESS,3,1010.2
0.01,SUCCESS,1,1010.21
0.05,SUCCESS,2,1010.25
0.1,TIMEOUT,51,
0.12,SUCCESS,0,1010.39
0.25,SUCCESS,2,1010.39
0.0,SUCCESS,23,1010.3
0.01,SUCCESS,2,1010.31
0.05,SUCCESS,0,1010.35
0.1,SUCCESS,0,1010.39
0.12,SUCCESS,0,1010.39
0.25,SUCCESS,1,1010.39
0.0,SUCCESS,21,1010.3
0.01,SUCCESS,1,1010.31
0.05,SUCCESS,1,1010.35
0.1,SUCCESS,0,1010.39
0.12,SUCCESS,4,1010.39
0.25,SUCCESS,0,1010.39
0.0,SUCCESS,17,1010.3
0.01,SUCCESS,1,1010.31
0.05,SUCCESS,0,1010.35
0.1,SUCCESS,4,1010.39
0.12,SUCCESS,1,1010.39
0.25,SUCCESS,1,1010.39
0.0,TIMEOUT,51,
0.01,SUCCESS,4,1011.11
0.05,SUCCESS,2,1011.15
0.1,SUCCESS,0,1011.19
0.12,SUCCESS,1,1011.19
0.25,SUCCESS,1,1011.19
0.0,SUCCESS,21,1011.1
0.01,SUCCESS,2,1011.11
0.05,SUCCESS,1,1011.15
0.1,SUCCESS,1,1011.19
0.12,TIMEOUT,51,
0.25,SUCCESS,0,1011.49
0.0,SUCCESS,18,1011.4
0.01,SUCCESS,0,1011.41
0.05,SUCCESS,3,1011.45
0.1,SUCCESS,0,1011.49
0.12,SUCCESS,0,1011.49
0.25,SUCCESS,2,1011.49
0.0,SUCCESS,20,1011.4
0.01,SUCCESS,1,1011.41
0.05,SUCCESS,0,1011.45
0.1,SUCCESS,0,1011.49
0.12,SUCCESS,0,1011.49
0.25,SUCCESS,4,1011.49
0.0,SUCCESS,18,1011.4
0.01,SUCCESS,1,1011.41
0.05,SUCCESS,0,1011.45
0.1,SUCCESS,0,1011.49
0.12,SUCCESS,0,1011.49
0.25,SUCCESS,2,1011.49
0.0,SUCCESS,22,1011.4
0.01,SUCCESS,3,1011.41
0.05,SUCCESS,0,1011.45
0.1,SUCCESS,2,1011.49
0.12,SUCCESS,2,1011.49
0.25,SUCCESS,0,1011.49
0.0,SUCCESS,28,1011.4
0.01,SUCCESS,1,1011.41
0.05,SUCCESS,10,1011.45
0.1,SUCCESS,33,1011.49
0.12,SUCCESS,1,997.39
0.25,SUCCESS,1,997.39
0.0,SUCCESS,5,997.3
0.01,SUCCESS,1,997.31
0.05,SUCCESS,0,997.35
0.1,SUCCESS,1,997.39
0.12,SUCCESS,1,997.39
0.25,SUCCESS,0,997.39
0.0,SUCCESS,4,997.3
0.01,SUCCESS,1,997.31
0.05,SUCCESS,0,997.35
0.1,SUCCESS,0,997.39
0.12,SUCCESS,0,997.39
0.25,SUCCESS,0,997.39
0.0,SUCCESS,0,995.6
0.01,SUCCESS,0,996.31
0.05,SUCCESS,0,996.05
0.1,SUCCESS,1,996.09
0.12,SUCCESS,0,996.09
0.25,SUCCESS,0,996.09
0.0,SUCCESS,0,995.8
